stem,case_id,action,label,gap_px,angle_deg,continuity,len_min,len_max,bright_min,bright_max
32_C08_br223_igf1r,merge_0055_0081,separate,0,22.3,27.4,1.0,207.7,395.7,140.5,149.5
32_C08_br223_igf1r,merge_0106_0133,separate,0,70.0,29.8,1.0,251.5,520.9,135.1,150.0
32_C08_br223_igf1r,merge_0109_0114,separate,0,82.2,24.2,0.975,100.0,231.5,133.0,150.0
32_C08_br223_igf1r,merge_0051_0074,redraw_merge,1,13.8,21.3,1.0,100.3,284.3,143.9,149.9
32_C08_br223_igf1r,merge_0089_0099,redraw_separate,0,55.0,3.9,0.654,113.6,540.7,136.6,146.1
32_C08_br223_igf1r,gt_c08_pos_0005_0048_gt210,merge,1,37.1,8.9,1.0,88.7,189.4,80.6,117.1
32_C08_br223_igf1r,gt_c08_pos_0010_0130_gt077,merge,1,282.3,39.5,1.0,124.7,341.2,89.2,148.4
32_C08_br223_igf1r,gt_c08_pos_0013_0053_gt026,merge,1,43.8,22.2,1.0,111.8,160.8,127.8,130.7
32_C08_br223_igf1r,gt_c08_pos_0034_0119_gt009,merge,1,106.5,54.0,1.0,93.0,414.4,79.8,136.4
32_C08_br223_igf1r,gt_c08_pos_0028_0092_gt027,merge,1,29.5,3.6,1.0,242.7,289.6,119.6,139.5
32_C08_br223_igf1r,gt_c08_pos_0030_0115_gt156,merge,1,205.2,33.6,1.0,174.5,370.7,116.3,138.9
32_C08_br223_igf1r,gt_c08_pos_0032_0077_gt045,merge,1,81.3,6.7,1.0,185.5,304.5,116.0,150.0
32_C08_br223_igf1r,gt_c08_pos_0050_0073_gt161,merge,1,168.6,4.9,0.88,81.7,224.2,134.0,146.4
32_C08_br223_igf1r,gt_c08_pos_0112_0186_gt035,merge,1,108.7,50.7,1.0,255.2,431.8,115.2,126.2
32_C08_br223_igf1r,gt_c08_pos_0078_0151_gt180,merge,1,133.8,8.5,1.0,310.0,320.0,123.5,135.1
32_C08_br223_igf1r,gt_c08_pos_0096_0142_gt125,merge,1,8.9,50.8,1.0,137.5,242.3,102.4,112.3
32_C08_br223_igf1r,gt_c08_pos_0142_0211_gt125,merge,1,311.3,4.1,1.0,111.6,242.3,102.4,128.4
32_C08_br223_igf1r,gt_c08_pos_0100_0162_gt095,merge,1,8.7,18.4,1.0,190.0,513.5,82.8,128.4
32_C08_br223_igf1r,gt_c08_pos_0107_0148_gt134,merge,1,5.4,28.5,1.0,151.9,206.1,57.0,70.0
32_C08_br223_igf1r,gt_c08_pos_0114_0149_gt093,merge,1,56.6,9.0,1.0,81.8,308.8,113.5,122.4
32_C08_br223_igf1r,gt_c08_pos_0125_0188_gt083,merge,1,233.4,18.3,0.957,130.2,132.4,90.7,136.6
32_C08_br223_igf1r,gt_c08_pos_0140_0167_gt031,merge,1,6.5,4.2,1.0,182.9,236.2,72.7,128.9
32_C08_br223_igf1r,gt_c08_pos_0183_0208_gt182,merge,1,8.4,6.5,1.0,136.9,266.8,73.0,132.6
32_C08_br223_igf1r,gt_c08_pos_0200_0215_gt004,merge,1,6.9,62.4,1.0,248.4,342.8,92.3,125.0
32_C08_br223_igf1r,gt_c08_pos_0221_0258_gt090,merge,1,6.3,20.5,1.0,124.5,231.5,92.1,133.0
32_C08_br223_igf1r,gt_c08_pos_0216_0226_gt164,merge,1,38.4,25.7,1.0,125.8,254.2,69.2,98.2
32_C08_br223_igf1r,gt_c08_pos_0226_0232_gt164,merge,1,9.5,22.5,1.0,125.8,149.8,59.1,69.2
32_C08_br223_igf1r,gt_c08_pos_0223_0288_gt118,merge,1,164.9,11.8,1.0,144.8,180.4,128.1,138.1
32_C08_br223_igf1r,gt_c08_pos_0244_0266_gt198,merge,1,46.4,34.2,1.0,61.8,111.4,71.3,146.0
32_C08_br223_igf1r,gt_c08_pos_0227_0252_gt228,merge,1,67.4,16.8,1.0,115.4,237.0,63.0,84.8
32_C08_br223_igf1r,gt_c08_pos_0234_0260_gt166,merge,1,75.8,6.6,1.0,198.8,250.4,60.5,82.8
32_C08_br223_igf1r,gt_c08_pos_0231_0230_gt148,merge,1,8.7,11.3,1.0,119.0,165.4,91.1,144.3
32_C08_br223_igf1r,gt_c08_pos_0236_0256_gt197,merge,1,127.0,9.3,0.919,94.4,94.5,64.5,109.2
32_C08_br223_igf1r,gt_c08_pos_0256_0275_gt197,merge,1,120.1,1.2,1.0,91.0,94.4,109.2,131.4
32_C08_br223_igf1r,gt_c08_pos_0239_0280_gt011,merge,1,27.6,58.4,1.0,150.1,307.6,131.5,138.3
32_C08_br223_igf1r,gt_c08_pos_0328_0372_gt011,merge,1,16.8,63.1,1.0,188.1,846.2,117.5,139.1
32_C08_br223_igf1r,gt_c08_pos_0241_0272_gt114,merge,1,56.1,35.5,1.0,133.4,380.5,80.9,114.8
32_C08_br223_igf1r,gt_c08_pos_0247_0265_gt190,merge,1,68.0,7.2,1.0,169.8,185.0,68.9,114.0
32_C08_br223_igf1r,gt_c08_pos_0259_0269_gt107,merge,1,10.3,54.6,1.0,152.5,213.1,50.9,74.6
32_C08_br223_igf1r,gt_c08_pos_0390_0476_gt005,merge,1,60.0,7.3,1.0,163.7,932.4,56.4,141.8
32_C08_br223_igf1r,gt_c08_pos_0276_0294_gt062,merge,1,105.4,38.2,1.0,83.7,91.8,124.7,125.0
32_C08_br223_igf1r,gt_c08_pos_0290_0282_gt175,merge,1,97.3,7.9,1.0,94.7,303.4,90.3,93.9
32_C08_br223_igf1r,gt_c08_pos_0282_0298_gt175,merge,1,63.9,46.7,0.633,94.5,303.4,73.2,93.9
32_C08_br223_igf1r,gt_c08_pos_0283_0308_gt048,merge,1,299.5,5.3,1.0,81.8,137.0,61.6,94.0
32_C08_br223_igf1r,gt_c08_pos_0331_0348_gt048,merge,1,6.5,31.9,1.0,151.9,383.0,93.1,127.3
32_C08_br223_igf1r,gt_c08_pos_0299_0340_gt074,merge,1,10.7,18.5,1.0,94.0,424.6,141.7,148.8
32_C08_br223_igf1r,gt_c08_pos_0316_0303_gt017,merge,1,6.6,53.7,1.0,316.0,378.5,78.2,116.2
32_C08_br223_igf1r,gt_c08_pos_0312_0329_gt119,merge,1,242.0,1.9,1.0,135.1,198.1,78.9,89.2
32_C08_br223_igf1r,gt_c08_pos_0314_0369_gt078,merge,1,89.6,12.6,0.884,113.6,542.7,71.6,134.5
32_C08_br223_igf1r,gt_c08_pos_0369_0398_gt078,merge,1,10.2,16.5,1.0,102.9,542.7,86.6,134.5
32_C08_br223_igf1r,gt_c08_pos_0345_0349_gt246,merge,1,6.0,17.0,1.0,97.7,100.4,56.4,65.4
32_C08_br223_igf1r,gt_c08_pos_0346_0351_gt030,merge,1,6.9,24.0,1.0,196.5,269.5,101.5,141.1
32_C08_br223_igf1r,gt_c08_pos_0351_0381_gt030,merge,1,188.1,3.0,1.0,196.5,219.6,101.5,121.8
32_C08_br223_igf1r,gt_c08_pos_0381_0434_gt030,merge,1,18.3,57.5,1.0,219.6,707.4,89.0,121.8
32_C08_br223_igf1r,gt_c08_pos_0434_0510_gt030,merge,1,69.4,7.8,1.0,118.2,707.4,89.0,135.0
32_C08_br223_igf1r,gt_c08_pos_0359_0380_gt195,merge,1,57.0,34.2,0.963,91.2,224.0,77.1,150.0
32_C08_br223_igf1r,gt_c08_pos_0365_0378_gt230,merge,1,7.1,20.5,1.0,90.8,197.9,77.4,142.6
32_C08_br223_igf1r,gt_c08_pos_0393_0373_gt066,merge,1,131.5,12.8,1.0,104.4,276.1,77.7,126.4
32_C08_br223_igf1r,gt_c08_pos_0376_0403_gt191,merge,1,207.2,26.8,0.922,111.7,112.7,106.6,149.9
32_C08_br223_igf1r,gt_c08_pos_0400_0479_gt096,merge,1,236.3,11.8,0.923,109.3,213.3,91.0,116.7
32_C08_br223_igf1r,gt_c08_pos_0479_0508_gt096,merge,1,106.6,15.5,1.0,109.3,215.3,91.0,126.9
32_C08_br223_igf1r,gt_c08_pos_0402_0399_gt079,merge,1,6.8,27.8,1.0,256.7,315.2,105.9,145.3
32_C08_br223_igf1r,gt_c08_pos_0410_0436_gt019,merge,1,27.8,40.9,1.0,100.5,143.1,78.5,144.8
32_C08_br223_igf1r,gt_c08_pos_0429_0468_gt071,merge,1,186.7,8.6,0.924,144.2,216.0,67.5,117.6
32_C08_br223_igf1r,gt_c08_pos_0438_0464_gt043,merge,1,86.7,5.9,0.905,79.1,278.7,99.5,148.2
32_C08_br223_igf1r,gt_c08_pos_0432_0445_gt098,merge,1,79.7,2.4,1.0,89.7,282.8,69.4,131.7
32_C08_br223_igf1r,gt_c08_pos_0445_0458_gt098,merge,1,45.4,6.1,1.0,89.7,172.2,69.4,143.4
32_C08_br223_igf1r,gt_c08_pos_0435_0500_gt033,merge,1,316.2,5.1,1.0,101.6,209.5,56.8,108.9
32_C08_br223_igf1r,gt_c08_pos_0442_0461_gt165,merge,1,105.6,24.2,1.0,100.2,153.1,123.8,143.6
32_C08_br223_igf1r,gt_c08_pos_0503_0459_gt041,merge,1,217.6,61.3,1.0,166.2,480.8,80.4,148.5
32_C08_br223_igf1r,gt_c08_pos_0484_0505_gt013,merge,1,142.7,4.3,1.0,79.7,309.6,59.4,143.2
32_C08_br223_igf1r,gt_c08_pos_0480_0524_gt239,merge,1,309.5,12.8,0.523,68.5,163.2,64.6,140.9
32_C08_br223_igf1r,gt_c08_pos_0557_0486_gt001,merge,1,190.2,5.1,1.0,257.0,466.6,76.2,83.3
32_C08_br223_igf1r,gt_c08_pos_0487_0494_gt124,merge,1,12.2,5.9,1.0,98.0,103.6,71.4,98.7
32_C08_br223_igf1r,gt_c08_pos_0494_0506_gt124,merge,1,53.7,10.5,1.0,93.7,103.6,71.4,126.7
32_C08_br223_igf1r,gt_c08_pos_0515_0535_gt124,merge,1,55.2,2.8,1.0,91.4,123.1,57.2,68.5
32_C08_br223_igf1r,gt_c08_pos_0488_0516_gt122,merge,1,229.8,10.0,1.0,120.3,212.2,80.4,119.8
32_C08_br223_igf1r,gt_c08_pos_0538_0491_gt051,merge,1,220.6,12.1,0.972,108.5,197.8,87.5,139.8
32_C08_br223_igf1r,gt_c08_pos_0496_0561_gt089,merge,1,254.9,16.1,1.0,112.2,395.7,61.7,99.1
32_C08_br223_igf1r,gt_c08_pos_0498_0507_gt170,merge,1,8.7,27.5,1.0,76.8,124.7,84.8,132.5
32_C08_br223_igf1r,gt_c08_pos_0507_0543_gt170,merge,1,106.8,15.5,1.0,124.7,222.1,77.8,84.8
32_C08_br223_igf1r,gt_c08_pos_0519_0586_gt010,merge,1,370.7,2.5,1.0,106.4,336.0,128.5,133.9
32_C08_br223_igf1r,gt_c08_pos_0502_0545_gt052,merge,1,7.0,18.7,1.0,219.5,244.0,52.6,134.0
32_C08_br223_igf1r,gt_c08_pos_0545_0577_gt052,merge,1,35.4,14.1,1.0,185.1,244.0,52.6,100.8
32_C08_br223_igf1r,gt_c08_pos_0577_0623_gt052,merge,1,48.4,5.0,1.0,127.5,185.1,78.9,100.8
32_C08_br223_igf1r,gt_c08_pos_0623_0642_gt052,merge,1,100.3,13.1,0.755,90.5,127.5,78.9,119.8
32_C08_br223_igf1r,gt_c08_pos_0523_0517_gt101,merge,1,61.6,24.0,1.0,100.7,104.3,73.5,138.8
32_C08_br223_igf1r,gt_c08_pos_0517_0511_gt101,merge,1,20.0,7.1,1.0,100.7,179.0,73.5,73.7
32_C08_br223_igf1r,gt_c08_pos_0520_0537_gt240,merge,1,85.3,6.0,1.0,131.6,210.4,104.3,145.3
32_C08_br223_igf1r,gt_c08_pos_0521_0539_gt187,merge,1,39.8,45.1,0.444,105.4,585.5,58.0,97.6
32_C08_br223_igf1r,gt_c08_pos_0546_0534_gt039,merge,1,271.2,6.3,0.97,97.9,241.2,78.6,138.3
32_C08_br223_igf1r,gt_c08_pos_0534_0540_gt039,merge,1,62.7,19.8,1.0,85.5,241.2,127.9,138.3
32_C08_br223_igf1r,gt_c08_pos_0601_0595_gt018,merge,1,1.9,46.7,1.0,166.3,244.1,118.4,139.0
32_C08_br223_igf1r,gt_c08_pos_0554_0564_gt132,merge,1,8.8,11.1,1.0,67.9,168.6,109.6,145.4
32_C08_br223_igf1r,gt_c08_pos_0547_0588_gt112,merge,1,172.0,17.9,1.0,121.6,218.3,81.3,90.1
32_C08_br223_igf1r,gt_c08_pos_0556_0615_gt116,merge,1,156.6,14.3,1.0,155.6,208.8,71.4,96.8
32_C08_br223_igf1r,gt_c08_pos_0565_0618_gt053,merge,1,98.6,3.4,1.0,145.0,238.4,122.8,126.4
32_C08_br223_igf1r,gt_c08_pos_0584_0629_gt109,merge,1,58.3,11.4,1.0,170.9,184.9,60.6,63.6
32_C08_br223_igf1r,gt_c08_pos_0631_0650_gt111,merge,1,22.2,38.2,1.0,94.6,273.1,84.5,137.0
32_C08_br223_igf1r,gt_c08_pos_0578_0611_gt154,merge,1,33.7,13.5,1.0,93.9,154.4,80.1,126.3
32_C08_br223_igf1r,gt_c08_pos_0579_0598_gt117,merge,1,7.4,4.6,1.0,155.9,318.0,83.1,145.3
32_C08_br223_igf1r,gt_c08_pos_0593_0649_gt146,merge,1,143.2,57.8,1.0,61.8,284.9,87.2,146.1
32_C08_br223_igf1r,gt_c08_pos_0596_0630_gt140,merge,1,19.9,26.7,1.0,89.8,141.4,85.0,103.4
32_C08_br223_igf1r,gt_c08_pos_0619_0638_gt216,merge,1,6.1,10.9,1.0,113.9,152.7,69.3,75.3
32_C08_br223_igf1r,gt_c08_pos_0633_0640_gt243,merge,1,8.0,39.4,1.0,80.1,85.5,85.6,144.3
32_C08_br223_igf1r,gt_c08_neg_0125_0157_gt083_156,separate,0,35.0,4.4,1.0,130.2,220.7,90.7,95.2
32_C08_br223_igf1r,gt_c08_neg_0340_0378_gt074_230,separate,0,39.1,5.0,1.0,197.9,424.6,77.4,141.7
32_C08_br223_igf1r,gt_c08_neg_0217_0226_gt097_164,separate,0,46.3,6.7,1.0,125.8,142.0,69.2,109.5
32_C08_br223_igf1r,gt_c08_neg_0383_0479_gt012_096,separate,0,45.0,8.8,1.0,109.3,848.5,91.0,149.4
32_C08_br223_igf1r,gt_c08_neg_0212_0226_gt097_164,separate,0,45.8,8.9,1.0,125.8,139.9,69.2,122.8
32_C08_br223_igf1r,gt_c08_neg_0138_0153_gt086_092,separate,0,43.1,14.9,1.0,107.0,131.5,120.7,132.9
32_C08_br223_igf1r,gt_c08_neg_0539_0586_gt187_010,separate,0,9.7,27.8,1.0,336.0,585.5,97.6,128.5
32_C08_br223_igf1r,gt_c08_neg_0121_0153_gt086_092,separate,0,90.5,3.4,1.0,131.5,150.6,120.7,141.5
32_C08_br223_igf1r,gt_c08_neg_0263_0315_gt103_104,separate,0,83.0,7.9,1.0,148.9,272.2,125.9,150.0
32_C08_br223_igf1r,gt_c08_neg_0480_0514_gt239_022,separate,0,46.3,21.4,1.0,163.2,547.2,64.6,134.6
32_C08_br223_igf1r,gt_c08_neg_0118_0153_gt086_092,separate,0,86.4,8.6,1.0,131.5,365.6,120.7,147.8
32_C08_br223_igf1r,gt_c08_neg_0375_0406_gt159_073,separate,0,12.9,33.6,1.0,122.6,413.7,78.2,138.4
32_C08_br223_igf1r,gt_c08_neg_0269_0279_gt107_197,separate,0,86.4,10.9,1.0,104.5,152.5,74.6,141.0
32_C08_br223_igf1r,gt_c08_neg_0390_0456_gt005_014,separate,0,11.2,36.7,1.0,90.8,932.4,141.8,148.3
32_C08_br223_igf1r,gt_c08_neg_0261_0299_gt183_074,separate,0,25.0,32.4,1.0,94.0,252.5,148.8,150.0
32_C08_br223_igf1r,gt_c08_neg_0262_0299_gt183_074,separate,0,25.0,32.4,1.0,94.0,251.5,148.8,150.0
32_C08_br223_igf1r,gt_c08_neg_0510_0543_gt030_170,separate,0,62.8,20.1,1.0,118.2,222.1,77.8,135.0
32_C08_br223_igf1r,gt_c08_neg_0273_0299_gt090_074,separate,0,78.5,15.3,1.0,94.0,119.0,120.1,148.8
32_C08_br223_igf1r,gt_c08_neg_0351_0358_gt030_136,separate,0,72.2,16.8,0.943,196.5,304.7,101.5,142.5
32_C08_br223_igf1r,gt_c08_neg_0419_0479_gt195_096,separate,0,101.0,8.2,1.0,109.3,334.4,91.0,105.1
32_C08_br223_igf1r,gt_c08_neg_0553_0604_gt006_076,separate,0,34.7,30.4,1.0,148.6,364.9,76.9,140.7
32_C08_br223_igf1r,gt_c08_neg_0318_0331_gt017_048,separate,0,93.3,11.5,1.0,151.9,335.0,93.1,121.4
32_C08_br223_igf1r,gt_c08_neg_0135_0153_gt086_092,separate,0,15.7,37.7,1.0,131.5,266.2,120.7,149.6
32_C08_br223_igf1r,gt_c08_neg_0316_0331_gt017_048,separate,0,100.7,9.9,1.0,151.9,378.5,93.1,116.2
32_C08_br223_igf1r,gt_c08_neg_0291_0298_gt214_175,separate,0,101.7,9.1,0.898,94.5,188.2,73.2,139.9
32_C08_br223_igf1r,gt_c08_neg_0522_0560_gt222_152,separate,0,55.2,25.8,0.962,90.0,473.6,57.8,100.4
32_C08_br223_igf1r,gt_c08_neg_0357_0380_gt012_195,separate,0,77.8,18.9,1.0,91.2,182.4,126.7,150.0
32_C08_br223_igf1r,gt_c08_neg_0434_0506_gt030_124,separate,0,75.9,19.9,1.0,93.7,707.4,89.0,126.7
32_C08_br223_igf1r,gt_c08_neg_0471_0478_gt088_201,separate,0,46.3,28.8,0.909,188.2,239.3,98.5,149.7
32_C08_br223_igf1r,gt_c08_neg_0101_0146_gt202_092,separate,0,111.6,7.6,0.944,167.2,502.1,137.3,146.7
32_C08_br223_igf1r,gt_c08_neg_0075_0134_gt035_061,separate,0,70.5,22.5,1.0,132.6,142.2,66.1,143.6
32_C08_br223_igf1r,gt_c08_neg_0022_0097_gt100_038,separate,0,109.1,9.9,1.0,280.6,290.2,103.1,143.1
32_C08_br223_igf1r,gt_c08_neg_0037_0100_gt061_095,separate,0,120.8,6.1,1.0,160.5,190.0,118.8,128.4
32_C08_br223_igf1r,gt_c08_neg_0112_0147_gt035_091,separate,0,29.7,37.7,1.0,138.2,255.2,115.2,138.9
32_C08_br223_igf1r,gt_c08_neg_0142_0182_gt125_009,separate,0,83.6,19.4,0.925,166.8,242.3,100.7,102.4
32_C08_br223_igf1r,gt_c08_neg_0498_0519_gt170_010,separate,0,74.0,19.6,0.714,76.8,106.4,132.5,133.9
32_C08_br223_igf1r,gt_c08_neg_0080_0101_gt211_202,separate,0,97.1,6.3,0.34,113.0,167.2,141.9,146.7
32_C08_br223_igf1r,gt_c08_neg_0553_0568_gt006_076,separate,0,33.0,37.6,1.0,148.6,175.5,76.9,142.5
32_C08_br223_igf1r,gt_c08_neg_0220_0266_gt090_198,separate,0,114.4,10.5,1.0,61.8,113.7,69.0,146.0
32_C08_br223_igf1r,gt_c08_neg_0095_0186_gt091_035,separate,0,45.7,34.3,1.0,431.8,450.8,126.2,128.2
32_C08_br223_igf1r,gt_c08_neg_0544_0576_gt039_102,separate,0,128.7,2.5,0.698,203.4,372.0,143.4,144.0
32_C08_br223_igf1r,gt_c08_neg_0227_0270_gt228_005,separate,0,8.2,47.6,1.0,115.4,483.0,84.8,133.9
32_C08_br223_igf1r,gt_c08_neg_0020_0088_gt235_064,separate,0,122.7,6.0,0.767,135.7,389.3,149.8,149.9
32_C08_br223_igf1r,gt_c08_neg_0521_0560_gt187_152,separate,0,53.2,28.0,0.68,105.4,473.6,58.0,100.4
32_C08_br223_igf1r,gt_c08_neg_0290_0291_gt175_214,separate,0,145.5,2.3,0.972,94.7,188.2,90.3,139.9
32_C08_br223_igf1r,gt_c08_neg_0265_0287_gt190_227,separate,0,59.7,21.2,0.321,175.4,185.0,114.0,149.3
32_C08_br223_igf1r,gt_c08_neg_0112_0171_gt035_065,separate,0,40.8,37.8,1.0,255.2,412.5,115.2,148.6
32_C08_br223_igf1r,gt_c08_neg_0561_0613_gt089_112,separate,0,34.5,36.2,0.75,92.6,395.7,99.1,148.1
32_C08_br223_igf1r,gt_c08_neg_0089_0162_gt130_095,separate,0,52.1,34.5,1.0,346.2,513.5,82.8,150.0
32_C08_br223_igf1r,gt_c08_neg_0159_0161_gt046_047,separate,0,93.4,14.9,0.6,317.5,519.9,107.9,118.3
32_C08_br223_igf1r,gt_c08_neg_0137_0190_gt156_083,separate,0,38.5,33.4,0.611,284.1,408.2,90.3,125.3
32_C08_br223_igf1r,gt_c08_neg_0570_0599_gt021_020,separate,0,107.8,16.8,1.0,119.0,309.5,146.3,150.0
32_C08_br223_igf1r,gt_c08_neg_0020_0123_gt235_057,separate,0,91.8,19.6,0.795,135.7,878.3,108.5,149.9
32_C08_br223_igf1r,gt_c08_neg_0608_0640_gt113_243,separate,0,76.4,28.0,1.0,80.1,208.4,85.6,137.7
32_C08_br223_igf1r,gt_c08_neg_0032_0124_gt045_016,separate,0,93.3,22.7,1.0,304.5,316.6,147.5,150.0
32_C08_br223_igf1r,gt_c08_neg_0026_0088_gt235_064,separate,0,83.7,25.2,0.95,183.8,389.3,148.9,149.8
32_C08_br223_igf1r,gt_c08_neg_0020_0062_gt235_057,separate,0,90.3,20.9,0.795,135.7,165.2,149.9,149.9
32_C08_br223_igf1r,gt_c08_neg_0057_0125_gt069_083,separate,0,151.6,3.9,1.0,109.0,130.2,90.7,149.8
32_C08_br223_igf1r,gt_c08_neg_0298_0302_gt175_017,separate,0,39.8,41.0,0.944,94.5,319.0,73.2,97.6
32_C08_br223_igf1r,gt_c08_neg_0222_0231_gt095_148,separate,0,70.4,32.3,1.0,165.4,202.6,131.3,144.3
32_C08_br223_igf1r,gt_c08_neg_0454_0471_gt098_088,separate,0,7.0,53.5,1.0,80.7,239.3,99.9,149.7
32_C08_br223_igf1r,gt_c08_neg_0075_0147_gt035_091,separate,0,158.7,3.0,1.0,132.6,138.2,66.1,138.9
32_C08_br223_igf1r,gt_c08_neg_0396_0415_gt096_032,separate,0,30.2,45.9,1.0,119.4,153.3,129.7,149.4
32_C08_br223_igf1r,gt_c08_neg_0606_0640_gt242_243,separate,0,135.4,8.8,0.864,80.1,170.6,85.6,139.0
32_C08_br223_igf1r,gt_c08_neg_0258_0299_gt090_074,separate,0,157.7,3.5,1.0,94.0,124.5,92.1,148.8
32_C08_br223_igf1r,gt_c08_neg_0101_0144_gt202_092,separate,0,144.5,6.9,0.93,167.2,462.8,139.4,146.7
32_C08_br223_igf1r,gt_c08_neg_0286_0291_gt174_214,separate,0,59.9,28.8,0.5,181.8,188.2,80.3,139.9
32_C08_br223_igf1r,gt_c08_neg_0317_0329_gt081_119,separate,0,6.7,54.3,1.0,172.3,198.1,64.0,78.9
32_C08_br223_igf1r,gt_c08_neg_0108_0153_gt086_092,separate,0,156.9,4.3,1.0,131.5,233.4,120.7,131.2
32_C08_br223_igf1r,gt_c08_neg_0373_0391_gt066_167,separate,0,25.6,48.9,1.0,104.4,317.7,126.4,148.8
32_C08_br223_igf1r,gt_c08_neg_0093_0151_gt058_180,separate,0,113.3,16.6,0.782,230.6,310.0,123.5,129.4
32_C08_br223_igf1r,gt_c08_neg_0159_0166_gt046_108,separate,0,60.3,34.2,0.759,160.3,519.9,118.3,150.0
32_C08_br223_igf1r,gt_c08_neg_0482_0504_gt043_013,separate,0,131.8,12.4,0.891,291.2,434.4,100.5,142.9
32_C08_br223_igf1r,gt_c08_neg_0211_0239_gt125_011,separate,0,51.3,41.1,1.0,111.6,307.6,128.4,138.3
32_C08_br223_igf1r,gt_c08_neg_0113_0182_gt115_009,separate,0,112.4,16.9,0.709,166.8,549.5,100.7,119.2
32_C08_br223_igf1r,gt_c08_neg_0194_0200_gt173_004,separate,0,79.3,31.6,0.947,238.5,248.4,92.3,101.4
32_C08_br223_igf1r,gt_c08_neg_0261_0355_gt183_023,separate,0,148.2,9.5,1.0,252.5,521.0,149.8,150.0
32_C08_br223_igf1r,gt_c08_neg_0262_0355_gt183_023,separate,0,148.2,9.5,1.0,251.5,521.0,149.8,150.0
32_C08_br223_igf1r,gt_c08_neg_0198_0227_gt047_228,separate,0,88.7,22.7,0.512,115.4,632.2,84.8,133.1
32_C08_br223_igf1r,gt_c08_neg_0072_0167_gt106_031,separate,0,106.6,24.2,1.0,236.2,539.3,72.7,110.2
32_C08_br223_igf1r,gt_c08_neg_0033_0141_gt235_057,separate,0,125.7,15.9,0.869,116.3,512.8,135.4,150.0
32_C08_br223_igf1r,gt_c08_neg_0494_0510_gt124_030,separate,0,47.0,44.2,1.0,103.6,118.2,71.4,135.0
32_C08_br223_igf1r,gt_c08_neg_0529_0552_gt022_157,separate,0,95.8,21.7,0.565,256.7,283.2,145.8,149.8
32_C08_br223_igf1r,gt_c08_neg_0086_0114_gt086_093,separate,0,81.5,32.7,0.974,156.1,308.8,122.4,150.0
32_C08_br223_igf1r,gt_c08_neg_0151_0185_gt180_093,separate,0,39.0,40.8,0.556,109.0,310.0,109.0,123.5
32_C08_br223_igf1r,gt_c08_neg_0412_0448_gt244_105,separate,0,87.7,29.6,0.881,113.5,512.8,103.9,149.6
32_C08_br223_igf1r,gt_c08_neg_0582_0611_gt229_154,separate,0,62.1,34.5,0.633,70.0,93.9,80.1,119.5
32_C08_br223_igf1r,gt_c08_neg_0166_0168_gt108_046,separate,0,57.0,38.1,0.741,160.3,409.6,149.0,150.0
32_C08_br223_igf1r,gt_c08_neg_0561_0605_gt089_112,separate,0,30.4,49.8,0.929,83.4,395.7,99.1,121.2
32_C08_br223_igf1r,gt_c08_neg_0585_0639_gt111_110,separate,0,119.4,21.4,1.0,92.2,128.0,53.9,87.8
32_C08_br223_igf1r,gt_c08_neg_0087_0114_gt086_093,separate,0,83.9,33.0,0.975,140.8,308.8,122.4,150.0
32_C08_br223_igf1r,gt_c08_neg_0453_0497_gt042_192,separate,0,143.2,9.2,0.657,83.8,235.7,83.9,125.1
32_C08_br223_igf1r,gt_c08_neg_0476_0508_gt005_096,separate,0,162.9,8.0,1.0,163.7,215.3,56.4,126.9
32_C08_br223_igf1r,gt_c08_neg_0183_0224_gt182_198,separate,0,103.6,22.6,0.64,136.9,333.0,73.0,114.2
32_C08_br223_igf1r,gt_c08_neg_0147_0183_gt091_182,separate,0,45.7,40.6,0.524,136.9,138.2,73.0,138.9
32_C08_br223_igf1r,gt_c08_neg_0530_0559_gt224_054,separate,0,79.2,33.1,0.763,191.1,334.2,83.2,96.0
32_C08_br223_igf1r,gt_c08_neg_0213_0263_gt095_103,separate,0,98.6,30.2,1.0,128.7,272.2,125.9,141.0
32_C08_br223_igf1r,gt_c08_neg_0392_0460_gt040_029,separate,0,58.8,39.8,0.75,455.4,758.9,139.0,149.9
32_C08_br223_igf1r,gt_c08_neg_0259_0275_gt107_197,separate,0,148.7,13.6,1.0,91.0,213.1,50.9,131.4
32_C08_br223_igf1r,gt_c08_neg_0424_0462_gt029_153,separate,0,107.9,27.4,1.0,123.3,232.2,121.5,150.0
32_C08_br223_igf1r,gt_c08_neg_0222_0263_gt095_103,separate,0,74.3,38.7,1.0,202.6,272.2,125.9,131.3
32_C08_br223_igf1r,gt_c08_neg_0178_0198_gt082_047,separate,0,118.1,14.3,0.345,312.6,632.2,133.1,149.7
32_C08_br223_igf1r,gt_c08_neg_0137_0188_gt156_083,separate,0,161.8,6.0,0.759,132.4,284.1,125.3,136.6
32_C08_br223_igf1r,gt_c08_neg_0522_0539_gt222_187,separate,0,56.3,45.1,1.0,90.0,585.5,57.8,97.6
32_C08_br223_igf1r,gt_c08_neg_0327_0347_gt099_138,separate,0,107.0,23.6,0.692,73.5,338.6,105.8,128.7
32_C08_br223_igf1r,gt_c08_neg_0621_0637_gt168_068,separate,0,96.6,31.7,1.0,143.6,214.7,67.4,147.9
32_C08_br223_igf1r,gt_c08_neg_0323_0339_gt048_099,separate,0,73.4,35.8,0.743,92.7,618.3,107.1,112.4
32_C08_br223_igf1r,gt_c08_neg_0212_0232_gt097_164,separate,0,180.4,4.1,1.0,139.9,149.8,59.1,122.8
32_C08_br223_igf1r,gt_c08_neg_0563_0610_gt006_102,separate,0,96.8,30.4,0.894,250.6,315.1,96.0,112.6
32_C08_br223_igf1r,gt_c08_neg_0461_0490_gt165_201,separate,0,84.2,28.9,0.512,100.2,113.1,98.1,123.8
32_C08_br223_igf1r,gt_c08_neg_0438_0480_gt043_239,separate,0,135.1,18.6,0.924,163.2,278.7,64.6,99.5
32_C08_br223_igf1r,gt_c08_neg_0580_0610_gt006_102,separate,0,101.4,29.5,0.878,251.0,315.1,96.0,126.2
32_C08_br223_igf1r,gt_c08_neg_0123_0242_gt057_121,separate,0,104.5,30.1,0.961,385.7,878.3,108.5,148.9
32_C08_br223_igf1r,gt_c08_neg_0293_0341_gt226_062,separate,0,100.0,28.2,0.729,114.1,572.0,116.1,140.3
32_C08_br223_igf1r,gt_c08_neg_0193_0242_gt057_121,separate,0,147.5,16.6,1.0,70.2,385.7,126.2,148.9
32_C08_br223_igf1r,gt_c08_neg_0217_0232_gt097_164,separate,0,180.9,6.0,1.0,142.0,149.8,59.1,109.5
32_C08_br223_igf1r,gt_c08_neg_0392_0413_gt040_029,separate,0,77.5,37.8,0.811,110.3,455.4,149.9,150.0
32_C08_br223_igf1r,gt_c08_neg_0030_0089_gt156_130,separate,0,41.9,52.7,1.0,174.5,346.2,116.3,150.0
32_C08_br223_igf1r,gt_c08_neg_0487_0507_gt124_170,separate,0,100.2,32.4,0.939,98.0,124.7,84.8,98.7
32_C08_br223_igf1r,gt_c08_neg_0115_0188_gt156_083,separate,0,132.3,20.0,0.8,132.4,370.7,136.6,138.9
32_C08_br223_igf1r,gt_c08_neg_0081_0160_gt037_179,separate,0,134.2,16.5,0.606,185.7,689.2,145.0,150.0
32_C08_br223_igf1r,gt_c08_neg_0222_0285_gt095_103,separate,0,106.7,31.6,1.0,202.6,348.5,131.3,133.1
32_C08_br223_igf1r,gt_c08_neg_0442_0445_gt165_098,separate,0,59.0,46.0,0.893,89.7,153.1,69.4,143.6
32_C08_br223_igf1r,gt_c08_neg_0356_0358_gt028_136,separate,0,153.1,15.1,0.92,304.7,554.5,142.5,144.7
32_C08_br223_igf1r,gt_c08_neg_0272_0341_gt114_062,separate,0,91.9,36.7,1.0,380.5,572.0,114.8,140.3
32_C08_br223_igf1r,gt_c08_neg_0485_0503_gt042_041,separate,0,142.2,20.2,1.0,78.5,166.2,80.4,146.8
32_C08_br223_igf1r,gt_c08_neg_0404_0462_gt029_153,separate,0,161.8,13.7,1.0,123.3,281.9,121.5,150.0
32_C08_br223_igf1r,gt_c08_neg_0562_0610_gt006_102,separate,0,128.7,23.5,0.905,315.1,335.7,96.0,123.1
32_C08_br223_igf1r,gt_c08_neg_0448_0496_gt105_089,separate,0,102.7,23.7,0.34,112.2,512.8,61.7,103.9
32_C08_br223_igf1r,gt_c08_neg_0307_0321_gt017_139,separate,0,91.8,33.0,0.682,131.1,204.7,68.7,106.7
32_C08_br223_igf1r,gt_c08_neg_0572_0600_gt109_018,separate,0,167.4,12.3,0.976,133.7,153.5,119.5,138.3
32_C08_br223_igf1r,gt_c08_neg_0220_0281_gt090_198,separate,0,131.1,24.8,1.0,113.7,246.0,69.0,99.0
32_C08_br223_igf1r,gt_c08_neg_0097_0182_gt038_009,separate,0,164.0,8.1,0.6,166.8,280.6,100.7,103.1
32_C08_br223_igf1r,gt_c08_neg_0213_0231_gt095_148,separate,0,102.8,35.1,1.0,128.7,165.4,141.0,144.3
32_C08_br223_igf1r,gt_c08_neg_0395_0460_gt040_029,separate,0,101.0,35.5,0.939,424.7,758.9,139.0,149.9
32_C08_br223_igf1r,gt_c08_neg_0361_0434_gt028_030,separate,0,165.7,12.9,0.852,171.0,707.4,89.0,150.0
32_C08_br223_igf1r,gt_c08_neg_0066_0069_gt147_085,separate,0,96.8,38.2,1.0,367.3,678.8,100.3,112.8
32_C08_br223_igf1r,gt_c08_neg_0465_0491_gt050_051,separate,0,101.2,28.8,0.469,197.8,678.7,137.3,139.8
32_C08_br223_igf1r,gt_c08_neg_0208_0258_gt182_090,separate,0,178.1,11.1,0.989,124.5,266.8,92.1,132.6
32_C08_br223_igf1r,gt_c08_neg_0584_0609_gt109_018,separate,0,96.6,38.5,1.0,92.4,170.9,60.6,134.5
32_C08_br223_igf1r,gt_c08_neg_0440_0479_gt128_096,separate,0,115.7,30.4,0.857,109.3,305.3,91.0,147.2
32_C08_br223_igf1r,gt_c08_neg_0273_0353_gt090_074,separate,0,187.8,8.6,1.0,119.0,467.5,120.1,127.8
32_C08_br223_igf1r,gt_c08_neg_0153_0176_gt092_178,separate,0,93.6,34.8,0.644,131.5,265.7,111.0,120.7
32_C08_br223_igf1r,gt_c08_neg_0270_0338_gt005_233,separate,0,104.9,36.4,1.0,213.2,483.0,133.9,145.5
32_C08_br223_igf1r,gt_c08_neg_0466_0489_gt238_022,separate,0,138.5,22.5,0.809,111.1,424.4,130.5,149.9
32_C08_br223_igf1r,gt_c08_neg_0137_0184_gt156_234,separate,0,119.1,27.7,0.724,103.0,284.1,125.3,149.7
32_C08_br223_igf1r,gt_c08_neg_0140_0181_gt031_199,separate,0,80.6,40.9,0.744,85.9,182.9,80.9,128.9
32_C08_br223_igf1r,gt_c08_neg_0470_0489_gt237_022,separate,0,112.1,29.2,0.636,115.0,424.4,99.6,130.5
32_C08_br223_igf1r,gt_c08_neg_0241_0247_gt114_190,separate,0,77.1,43.9,0.838,133.4,169.8,68.9,80.9
32_C08_br223_igf1r,gt_c08_neg_0506_0543_gt124_170,separate,0,87.9,36.3,0.571,93.7,222.1,77.8,126.7
32_C08_br223_igf1r,gt_c08_neg_0114_0176_gt093_178,separate,0,117.0,25.7,0.509,265.7,308.8,111.0,122.4
32_C08_br223_igf1r,gt_c08_neg_0075_0164_gt035_061,separate,0,153.2,21.0,1.0,132.6,303.2,66.1,121.5
32_C08_br223_igf1r,gt_c08_neg_0416_0463_gt071_237,separate,0,109.1,29.2,0.566,98.1,450.5,143.9,145.2
32_C08_br223_igf1r,gt_c08_neg_0550_0629_gt018_109,separate,0,168.1,16.1,1.0,184.9,453.2,63.6,114.5
32_C08_br223_igf1r,gt_c08_neg_0213_0285_gt095_103,separate,0,132.6,28.4,1.0,128.7,348.5,133.1,141.0
32_C08_br223_igf1r,gt_c08_neg_0543_0565_gt170_053,separate,0,89.7,37.3,0.628,145.0,222.1,77.8,126.4
32_C08_br223_igf1r,gt_c08_neg_0401_0427_gt063_105,separate,0,185.4,9.2,0.879,165.3,274.9,100.1,149.8
32_C08_br223_igf1r,gt_c08_neg_0221_0281_gt090_198,separate,0,77.5,47.0,1.0,231.5,246.0,99.0,133.0
32_C08_br223_igf1r,gt_c08_neg_0535_0565_gt124_053,separate,0,118.9,26.0,0.5,123.1,145.0,68.5,126.4
32_C08_br223_igf1r,gt_c08_neg_0513_0560_gt222_152,separate,0,136.6,20.5,0.522,95.2,473.6,71.4,100.4
32_C08_br223_igf1r,gt_c08_neg_0230_0237_gt148_150,separate,0,46.4,53.7,0.727,119.0,200.7,91.1,150.0
32_C08_br223_igf1r,gt_c08_neg_0401_0430_gt063_105,separate,0,188.6,9.0,0.903,165.3,331.8,100.1,150.0
32_C08_br223_igf1r,gt_c08_neg_0051_0069_gt147_085,separate,0,173.2,10.6,0.659,252.5,678.8,100.3,121.7
32_C08_br223_igf1r,gt_c08_neg_0445_0471_gt098_088,separate,0,182.9,10.9,0.889,89.7,239.3,69.4,149.7
32_C08_br223_igf1r,gt_c08_neg_0280_0326_gt011_233,separate,0,78.1,47.2,0.974,150.1,168.8,131.5,136.4
32_C08_br223_igf1r,gt_c08_neg_0589_0624_gt142_131,separate,0,108.3,37.1,0.962,107.8,169.8,127.7,149.5
32_C08_br223_igf1r,gt_c08_neg_0589_0625_gt142_131,separate,0,108.3,37.1,0.962,106.5,169.8,127.7,149.4
32_C08_br223_igf1r,gt_c08_neg_0589_0635_gt142_131,separate,0,108.3,37.1,0.962,169.8,244.5,127.7,145.8
32_C08_br223_igf1r,gt_c08_neg_0088_0174_gt064_057,separate,0,147.5,24.2,0.972,167.1,389.3,97.6,149.8
32_C08_br223_igf1r,gt_c08_neg_0396_0435_gt096_033,separate,0,74.3,49.1,1.0,119.4,209.5,108.9,149.4
32_C08_br223_igf1r,gt_c08_neg_0186_0220_gt035_090,separate,0,59.5,53.0,0.929,113.7,431.8,69.0,126.2
32_C08_br223_igf1r,gt_c08_neg_0463_0489_gt237_022,separate,0,148.8,20.4,0.712,98.1,424.4,130.5,145.2
32_C08_br223_igf1r,gt_c08_neg_0568_0610_gt076_102,separate,0,132.6,29.3,0.908,175.5,315.1,96.0,142.5
32_C08_br223_igf1r,gt_c08_neg_0037_0130_gt061_077,separate,0,174.7,16.7,1.0,160.5,341.2,118.8,148.4
32_C08_br223_igf1r,gt_c08_neg_0550_0632_gt018_169,separate,0,173.3,16.3,0.941,220.9,453.2,79.9,114.5
32_C08_br223_igf1r,gt_c08_neg_0571_0614_gt109_205,separate,0,196.3,8.5,0.928,134.3,236.8,79.0,126.4
32_C08_br223_igf1r,gt_c08_neg_0603_0620_gt021_020,separate,0,125.4,30.2,0.77,84.9,310.2,78.5,101.5
32_C08_br223_igf1r,gt_c08_neg_0031_0099_gt070_147,separate,0,108.2,35.5,0.736,102.3,313.9,81.7,150.0
32_C08_br223_igf1r,gt_c08_neg_0270_0326_gt005_233,separate,0,127.4,33.1,0.984,168.8,483.0,133.9,136.4
32_C08_br223_igf1r,gt_c08_neg_0221_0266_gt090_198,separate,0,75.0,50.9,1.0,61.8,231.5,133.0,146.0
32_C08_br223_igf1r,gt_c08_neg_0501_0591_gt010_055,separate,0,136.6,30.5,0.985,398.2,534.0,136.5,138.9
32_C08_br223_igf1r,gt_c08_neg_0356_0391_gt028_167,separate,0,142.1,20.2,0.414,317.7,554.5,144.7,148.8
32_C08_br223_igf1r,gt_c08_neg_0584_0601_gt109_018,separate,0,159.0,23.7,1.0,166.3,170.9,60.6,139.0
32_C08_br223_igf1r,gt_c08_neg_0228_0256_gt166_197,separate,0,139.3,25.5,0.676,89.5,94.4,48.6,109.2
32_C08_br223_igf1r,gt_c08_neg_0380_0415_gt195_032,separate,0,173.8,18.7,0.988,91.2,153.3,129.7,150.0
32_C08_br223_igf1r,gt_c08_neg_0488_0503_gt122_041,separate,0,162.0,14.1,0.418,120.3,166.2,80.4,119.8
32_C08_br223_igf1r,gt_c08_neg_0527_0539_gt223_187,separate,0,192.5,9.2,0.768,208.7,585.5,95.1,97.6
32_C08_br223_igf1r,gt_c08_neg_0073_0101_gt161_202,separate,0,67.5,44.1,0.312,167.2,224.2,146.4,146.7
32_C08_br223_igf1r,gt_c08_neg_0042_0141_gt060_057,separate,0,174.2,18.9,1.0,96.9,512.8,107.9,135.4
32_C08_br223_igf1r,gt_c08_neg_0457_0491_gt029_051,separate,0,191.5,10.6,0.83,197.8,209.9,139.8,150.0
32_C08_br223_igf1r,gt_c08_neg_0026_0123_gt235_057,separate,0,63.4,52.4,0.767,183.8,878.3,108.5,148.9
32_C08_br223_igf1r,gt_c08_neg_0073_0120_gt161_203,separate,0,92.3,40.6,0.622,224.2,363.7,96.6,146.4
32_C08_br223_igf1r,gt_c08_neg_0123_0239_gt057_011,separate,0,152.9,21.8,0.707,307.6,878.3,108.5,138.3
32_C08_br223_igf1r,gt_c08_neg_0130_0204_gt077_090,separate,0,146.3,26.6,0.875,157.8,341.2,148.4,150.0
32_C08_br223_igf1r,gt_c08_neg_0423_0436_gt043_019,separate,0,149.3,26.7,0.945,100.5,112.6,78.5,143.1
32_C08_br223_igf1r,gt_c08_neg_0130_0214_gt077_090,separate,0,147.5,26.3,0.875,261.9,341.2,146.3,148.4
32_C08_br223_igf1r,gt_c08_neg_0147_0208_gt091_182,separate,0,180.3,17.1,0.989,138.2,266.8,132.6,138.9
32_C08_br223_igf1r,gt_c08_neg_0030_0100_gt156_095,separate,0,131.7,33.5,1.0,174.5,190.0,116.3,128.4
32_C08_br223_igf1r,gt_c08_neg_0432_0461_gt098_165,separate,0,151.4,21.1,0.608,100.2,282.8,123.8,131.7
32_C08_br223_igf1r,gt_c08_neg_0416_0418_gt071_002,separate,0,76.6,41.9,0.324,278.6,450.5,119.8,143.9
32_C08_br223_igf1r,gt_c08_pos_0506_0515_gt124_usernote,merge,1,10.4,157.8,1.0,91.4,93.7,57.2,126.7
