1	45_D04_her2mb_br223m2-1.nd2:0138-0161	121.264	1230.105	562.397	2389.270	166.798
2	45_D04_her2mb_br223m2-1.nd2:0048-0191	155.488	871.764	497.000	2386.920	227.046
3	45_D04_her2mb_br223m2-1.nd2:0101-0226	175.769	964.016	517.460	3576.440	254.135
4	45_D04_her2mb_br223m2-1.nd2:0228-0229	197.740	800.186	511.910	2715.716	285.638
5	45_D04_her2mb_br223m2-1.nd2:0161-0151	89.575	707.674	489.000	2550.856	133.992
6	45_D04_her2mb_br223m2-1.nd2:0081-0598	92.532	1195.681	531.000	2967.000	126.902
7	45_D04_her2mb_br223m2-1.nd2:0163-0876	131.404	868.100	516.825	1964.000	187.357
8	45_D04_her2mb_br223m2-1.nd2:0060-0637	81.547	2266.661	593.700	4621.000	113.070
9	45_D04_her2mb_br223m2-1.nd2:0069-0634	195.205	966.697	532.000	2430.040	278.314
10	45_D04_her2mb_br223m2-1.nd2:0021-1090	53.660	2065.706	652.000	4065.000	72.582
11	45_D04_her2mb_br223m2-1.nd2:0113-1304	128.447	726.384	515.770	2428.000	175.806
12	45_D04_her2mb_br223m2-1.nd2:0041-1573	104.785	1782.263	708.800	3559.816	150.237
13	45_D04_her2mb_br223m2-1.nd2:0056-1491	113.658	859.827	512.390	2951.760	160.730
14	45_D04_her2mb_br223m2-1.nd2:0015-1720	57.885	1722.436	553.000	3974.300	82.804
15	45_D04_her2mb_br223m2-1.nd2:0108-2407	356.186	971.876	515.641	4227.515	504.329
16	45_D04_her2mb_br223m2-1.nd2:0032-2697	367.171	1281.309	513.000	3257.960	544.846
17	45_D04_her2mb_br223m2-1.nd2:0058-3228	188.867	970.190	564.880	3281.550	285.930
18	45_D04_her2mb_br223m2-1.nd2:0013-3120	128.024	840.200	525.000	6748.430	189.598
19	45_D04_her2mb_br223m2-1.nd2:0033-3174	75.209	972.081	553.961	3039.000	111.648
20	45_D04_her2mb_br223m2-1.nd2:0279-1725	256.893	939.922	558.000	2437.071	337.679
21	45_D04_her2mb_br223m2-1.nd2:0090-3129	269.146	1230.495	500.640	3970.600	390.587
22	45_D04_her2mb_br223m2-1.nd2:0126-3328	230.697	771.858	504.000	1828.000	336.011
23	45_D04_her2mb_br223m2-1.nd2:0088-3293	287.737	747.844	491.000	1671.000	395.868
24	45_D04_her2mb_br223m2-1.nd2:0043-2006	79.857	1166.548	758.000	2088.240	110.327
25	45_D04_her2mb_br223m2-1.nd2:0091-2204	321.539	1044.805	509.000	2839.100	459.900
26	45_D04_her2mb_br223m2-1.nd2:0051-0794	116.616	1150.090	562.760	3444.878	168.053
27	45_D04_her2mb_br223m2-1.nd2:0183-1663	157.178	1518.294	507.000	5474.170	213.998
28	45_D04_her2mb_br223m2-1.nd2:0188-1758	255.203	1058.413	521.000	3900.680	348.181
29	45_D04_her2mb_br223m2-1.nd2:0016-1820	47.745	804.037	541.230	1346.000	69.259
30	45_D04_her2mb_br223m2-1.nd2:0048-1890	88.307	872.934	558.540	1360.670	119.157
31	45_D04_her2mb_br223m2-1.nd2:0216-3309	142.390	966.567	566.000	1774.780	204.165
32	45_D04_her2mb_br223m2-1.nd2:0200-3479	91.265	818.516	568.110	1197.510	133.501
33	45_D04_her2mb_br223m2-1.nd2:0216-3128	269.991	1138.534	559.000	2423.500	403.194
34	45_D04_her2mb_br223m2-1.nd2:0196-2870	119.574	1549.942	542.000	16571.619	182.422
35	45_D04_her2mb_br223m2-1.nd2:0120-2762	184.219	965.189	518.289	5286.336	264.445
36	45_D04_her2mb_br223m2-1.nd2:0125-2026	280.554	1320.792	498.301	3620.220	395.414
37	45_D04_her2mb_br223m2-1.nd2:0146-2319	78.589	1426.196	554.650	2638.796	112.581
38	45_D04_her2mb_br223m2-1.nd2:0181-2410	49.435	1954.491	592.000	3011.000	70.840
39	45_D04_her2mb_br223m2-1.nd2:0218-2683	78.589	992.253	576.000	1891.640	118.413
40	45_D04_her2mb_br223m2-1.nd2:0194-2552	109.011	945.737	493.000	2329.000	161.088
41	45_D04_her2mb_br223m2-1.nd2:0259-2529	223.936	1174.077	529.780	6207.000	309.683
42	45_D04_her2mb_br223m2-1.nd2:0343-3401	190.980	864.727	517.000	4588.980	251.253
43	45_D04_her2mb_br223m2-1.nd2:0381-3266	153.798	941.139	535.000	2140.000	228.785
44	45_D04_her2mb_br223m2-1.nd2:0439-3241	95.490	1142.992	591.000	3328.000	135.220
45	45_D04_her2mb_br223m2-1.nd2:0444-3534	58.308	1827.068	0.000	3627.100	84.539
46	45_D04_her2mb_br223m2-1.nd2:0444-3509	92.532	1243.012	541.000	6384.600	118.977
47	45_D04_her2mb_br223m2-1.nd2:0489-3314	142.812	1218.398	543.680	3581.000	211.039
48	45_D04_her2mb_br223m2-1.nd2:0409-3215	279.709	1289.379	553.280	5497.000	404.950
49	45_D04_her2mb_br223m2-1.nd2:0524-3289	156.333	826.042	534.000	2066.700	230.268
50	45_D04_her2mb_br223m2-1.nd2:0568-3388	168.164	1478.496	522.540	3959.000	249.393
51	45_D04_her2mb_br223m2-1.nd2:0618-3273	124.644	1829.974	763.200	4763.883	185.110
52	45_D04_her2mb_br223m2-1.nd2:0664-3198	158.446	783.422	533.560	1654.000	230.250
53	45_D04_her2mb_br223m2-1.nd2:0682-3516	67.603	1688.188	0.000	6556.000	104.003
54	45_D04_her2mb_br223m2-1.nd2:0151-2014	225.627	695.262	475.120	1515.000	306.160
55	45_D04_her2mb_br223m2-1.nd2:0416-2349	243.795	1104.140	540.000	4619.000	324.120
56	45_D04_her2mb_br223m2-1.nd2:0308-2394	245.485	919.424	519.000	2371.000	340.571
57	45_D04_her2mb_br223m2-1.nd2:0338-2445	278.442	952.000	518.000	2757.000	383.566
58	45_D04_her2mb_br223m2-1.nd2:0364-2467	307.596	967.866	504.020	4022.996	435.679
59	45_D04_her2mb_br223m2-1.nd2:0120-0364	54.505	1688.424	560.000	3470.360	72.515
60	45_D04_her2mb_br223m2-1.nd2:0183-0982	87.462	812.025	493.000	1777.000	127.581
61	45_D04_her2mb_br223m2-1.nd2:0095-0799	75.209	993.627	530.000	1918.700	104.490
62	45_D04_her2mb_br223m2-1.nd2:0133-1018	348.158	914.420	525.300	6156.000	497.952
63	45_D04_her2mb_br223m2-1.nd2:0659-3343	140.700	1241.318	527.000	4607.040	209.805
64	45_D04_her2mb_br223m2-1.nd2:0732-3541	105.630	944.657	564.000	3405.000	155.480
65	45_D04_her2mb_br223m2-1.nd2:0589-2853	127.602	1320.654	487.000	4234.000	168.904
66	45_D04_her2mb_br223m2-1.nd2:0782-3542	53.660	1745.938	0.000	4216.000	79.320
67	45_D04_her2mb_br223m2-1.nd2:0872-3376	307.596	1482.465	0.000	5453.262	394.560
68	45_D04_her2mb_br223m2-1.nd2:0752-3153	265.344	978.386	523.950	4698.023	396.543
69	45_D04_her2mb_br223m2-1.nd2:0413-0444	308.441	1144.446	509.930	4178.000	424.957
70	45_D04_her2mb_br223m2-1.nd2:0268-0576	204.923	860.869	505.180	3832.000	280.792
71	45_D04_her2mb_br223m2-1.nd2:0313-0755	100.138	866.311	556.000	1485.000	137.540
72	45_D04_her2mb_br223m2-1.nd2:0255-0729	190.557	933.780	519.000	2570.000	257.732
73	45_D04_her2mb_br223m2-1.nd2:0238-0865	85.772	1012.077	520.000	2780.450	117.045
74	45_D04_her2mb_br223m2-1.nd2:0241-0754	286.892	703.741	483.000	2417.000	401.790
75	45_D04_her2mb_br223m2-1.nd2:0198-1135	81.547	1089.796	549.670	2162.000	114.085
76	45_D04_her2mb_br223m2-1.nd2:0114-1015	208.726	850.821	536.160	2807.000	283.949
77	45_D04_her2mb_br223m2-1.nd2:0173-1277	106.898	1100.845	514.000	6756.000	145.678
78	45_D04_her2mb_br223m2-1.nd2:0206-1363	81.969	1014.298	523.000	1906.000	115.208
79	45_D04_her2mb_br223m2-1.nd2:0195-1501	139.010	1165.620	511.000	3433.000	194.161
80	45_D04_her2mb_br223m2-1.nd2:0221-1560	351.538	1277.023	529.000	3419.000	483.890
81	45_D04_her2mb_br223m2-1.nd2:0334-2119	146.615	875.933	533.000	1799.210	206.021
82	45_D04_her2mb_br223m2-1.nd2:0368-2181	308.018	837.725	520.400	2384.439	448.275
83	45_D04_her2mb_br223m2-1.nd2:0414-2467	57.885	833.787	537.200	1868.000	83.909
84	45_D04_her2mb_br223m2-1.nd2:0469-2282	224.782	1034.336	519.000	2443.000	316.087
85	45_D04_her2mb_br223m2-1.nd2:0481-2508	50.703	1331.100	575.000	3969.000	73.065
86	45_D04_her2mb_br223m2-1.nd2:0538-2902	191.402	805.467	545.950	2268.914	281.740
87	45_D04_her2mb_br223m2-1.nd2:0524-2412	166.474	731.867	517.000	2161.205	245.307
88	45_D04_her2mb_br223m2-1.nd2:0130-0151	131.827	1112.394	528.214	2277.000	180.948
89	45_D04_her2mb_br223m2-1.nd2:0279-1390	119.574	987.319	529.980	2921.000	165.267
90	45_D04_her2mb_br223m2-1.nd2:0324-1699	157.601	945.945	495.000	2895.000	224.430
91	45_D04_her2mb_br223m2-1.nd2:0328-1628	214.641	1554.637	543.000	3979.822	292.602
92	45_D04_her2mb_br223m2-1.nd2:0894-3291	156.333	1900.060	609.087	6486.210	209.043
93	45_D04_her2mb_br223m2-1.nd2:0911-3492	174.079	977.587	519.000	4737.000	226.782
94	45_D04_her2mb_br223m2-1.nd2:0877-2763	258.161	907.645	489.000	3483.000	326.675
95	45_D04_her2mb_br223m2-1.nd2:0844-2850	273.794	913.142	480.000	4316.702	347.899
96	45_D04_her2mb_br223m2-1.nd2:0675-2988	189.712	1240.062	486.000	4388.000	260.440
97	45_D04_her2mb_br223m2-1.nd2:0303-0236	88.730	912.329	601.000	2279.880	126.328
98	45_D04_her2mb_br223m2-1.nd2:0371-0181	172.811	898.619	508.000	2133.390	238.034
99	45_D04_her2mb_br223m2-1.nd2:0434-0325	139.010	1089.187	518.000	2873.000	190.117
100	45_D04_her2mb_br223m2-1.nd2:0331-0676	196.050	936.218	539.000	2327.810	268.417
101	45_D04_her2mb_br223m2-1.nd2:0613-0987	237.880	1098.628	497.000	6037.333	312.460
102	45_D04_her2mb_br223m2-1.nd2:0392-1561	235.345	1213.788	546.800	4238.080	331.239
103	45_D04_her2mb_br223m2-1.nd2:0303-1750	117.884	1003.905	534.470	2208.000	168.056
104	45_D04_her2mb_br223m2-1.nd2:0528-2181	228.162	921.327	530.000	2463.000	321.682
105	45_D04_her2mb_br223m2-1.nd2:0416-2021	122.109	734.754	494.000	1796.260	171.777
106	45_D04_her2mb_br223m2-1.nd2:0446-2236	64.223	1219.892	558.700	1970.598	86.952
107	45_D04_her2mb_br223m2-1.nd2:0351-1300	278.442	736.806	489.000	8887.080	388.816
108	45_D04_her2mb_br223m2-1.nd2:0524-1919	147.038	729.894	497.000	1618.540	212.137
109	45_D04_her2mb_br223m2-1.nd2:0378-1270	172.389	1122.498	533.000	2880.000	248.848
110	45_D04_her2mb_br223m2-1.nd2:0537-2094	128.447	694.717	519.000	1852.600	178.792
111	45_D04_her2mb_br223m2-1.nd2:0651-2387	152.108	692.776	500.600	2590.420	219.669
112	45_D04_her2mb_br223m2-1.nd2:0404-0301	230.697	1068.787	495.620	3033.043	331.302
113	45_D04_her2mb_br223m2-1.nd2:0354-0631	128.024	1129.266	521.000	3329.800	180.668
114	45_D04_her2mb_br223m2-1.nd2:0363-0554	225.627	737.093	530.000	1430.000	324.459
115	45_D04_her2mb_br223m2-1.nd2:0391-0612	155.488	813.718	511.000	2665.000	220.247
116	45_D04_her2mb_br223m2-1.nd2:0433-1288	90.420	830.974	533.960	1525.320	127.662
117	45_D04_her2mb_br223m2-1.nd2:0499-1531	100.138	1098.252	543.280	6064.000	142.019
118	45_D04_her2mb_br223m2-1.nd2:0564-1903	103.518	697.819	509.000	986.660	148.116
119	45_D04_her2mb_br223m2-1.nd2:0556-1811	116.616	992.153	502.000	3093.096	161.188
120	45_D04_her2mb_br223m2-1.nd2:0637-2154	97.602	864.198	502.000	3328.000	140.105
121	45_D04_her2mb_br223m2-1.nd2:0664-2364	48.167	1050.921	626.000	1667.000	69.125
122	45_D04_her2mb_br223m2-1.nd2:0764-2762	203.655	1012.358	504.000	2882.840	294.458
123	45_D04_her2mb_br223m2-1.nd2:0807-3008	232.809	1593.366	489.000	7312.520	352.677
124	45_D04_her2mb_br223m2-1.nd2:0837-3439	122.531	782.402	472.000	1702.010	184.307
125	45_D04_her2mb_br223m2-1.nd2:0391-1123	179.572	1167.631	535.000	3218.578	248.692
126	45_D04_her2mb_br223m2-1.nd2:0468-1162	124.221	1001.552	514.000	3335.500	176.788
127	45_D04_her2mb_br223m2-1.nd2:0449-1248	219.289	738.859	516.000	2210.000	315.000
128	45_D04_her2mb_br223m2-1.nd2:0583-1804	240.837	733.077	501.900	2098.410	343.304
129	45_D04_her2mb_br223m2-1.nd2:0736-2390	208.726	805.787	515.000	1739.000	285.617
130	45_D04_her2mb_br223m2-1.nd2:0767-2662	54.505	855.773	553.680	1953.000	70.853
131	45_D04_her2mb_br223m2-1.nd2:0802-2800	75.631	672.847	490.000	1921.190	110.807
132	45_D04_her2mb_br223m2-1.nd2:0846-3141	102.250	1287.976	551.000	4103.493	139.675
133	45_D04_her2mb_br223m2-1.nd2:0884-3350	83.237	1117.812	524.930	3900.470	126.080
134	45_D04_her2mb_br223m2-1.nd2:0917-3245	306.328	1589.709	522.000	6002.000	451.855
135	45_D04_her2mb_br223m2-1.nd2:1085-3330	249.288	1688.277	0.000	9163.120	358.782
136	45_D04_her2mb_br223m2-1.nd2:1183-3338	348.580	987.749	0.000	3503.000	477.532
137	45_D04_her2mb_br223m2-1.nd2:1047-2918	75.631	1984.486	510.000	6102.000	109.721
138	45_D04_her2mb_br223m2-1.nd2:1020-2930	56.618	1151.158	516.000	2667.780	76.761
139	45_D04_her2mb_br223m2-1.nd2:1002-2835	299.568	826.523	483.000	4375.000	408.354
140	45_D04_her2mb_br223m2-1.nd2:1124-2842	201.543	1211.322	528.523	2934.940	273.177
141	45_D04_her2mb_br223m2-1.nd2:1233-2745	170.699	1157.506	511.000	3844.530	253.510
142	45_D04_her2mb_br223m2-1.nd2:1217-2918	203.233	1067.139	503.000	4362.000	258.120
143	45_D04_her2mb_br223m2-1.nd2:1210-2960	265.766	1176.142	488.000	5715.000	367.810
144	45_D04_her2mb_br223m2-1.nd2:1468-2703	367.594	1076.958	513.000	7579.120	489.593
145	45_D04_her2mb_br223m2-1.nd2:1500-3239	284.780	1557.115	539.000	5242.020	380.011
146	45_D04_her2mb_br223m2-1.nd2:1480-3118	124.221	1948.536	538.000	6208.850	170.202
147	45_D04_her2mb_br223m2-1.nd2:1558-3261	194.782	1124.995	525.600	3324.940	274.194
148	45_D04_her2mb_br223m2-1.nd2:1574-3398	173.656	1253.962	516.000	4513.000	258.313
149	45_D04_her2mb_br223m2-1.nd2:1586-3201	186.755	1763.712	572.000	5845.000	282.084
150	45_D04_her2mb_br223m2-1.nd2:1596-3050	203.655	769.769	534.770	1623.000	306.236
151	45_D04_her2mb_br223m2-1.nd2:1683-3023	119.151	1317.936	523.140	3178.210	176.317
152	45_D04_her2mb_br223m2-1.nd2:1673-3318	85.349	783.811	522.150	2536.000	121.220
153	45_D04_her2mb_br223m2-1.nd2:1706-3341	200.275	858.076	502.000	2405.250	278.422
154	45_D04_her2mb_br223m2-1.nd2:1720-3400	164.783	901.895	523.160	3857.318	246.380
155	45_D04_her2mb_br223m2-1.nd2:1014-2607	183.797	820.070	514.310	2144.940	244.924
156	45_D04_her2mb_br223m2-1.nd2:1077-2675	143.657	861.222	540.700	2204.942	186.195
157	45_D04_her2mb_br223m2-1.nd2:1150-2595	88.730	1061.467	527.070	3879.000	127.634
158	45_D04_her2mb_br223m2-1.nd2:1049-2699	86.617	800.895	470.177	1666.000	123.469
159	45_D04_her2mb_br223m2-1.nd2:1079-2800	81.547	832.976	547.920	1606.000	122.479
160	45_D04_her2mb_br223m2-1.nd2:1130-2772	42.675	870.366	550.000	1256.000	63.774
161	45_D04_her2mb_br223m2-1.nd2:1260-3191	110.278	1397.523	527.000	4182.000	158.787
162	45_D04_her2mb_br223m2-1.nd2:1417-3436	77.321	1250.368	519.790	4360.000	109.076
163	45_D04_her2mb_br223m2-1.nd2:1453-3501	90.842	645.410	0.000	1479.000	134.590
164	45_D04_her2mb_br223m2-1.nd2:1488-3476	106.053	1011.011	0.000	4883.030	158.509
165	45_D04_her2mb_br223m2-1.nd2:1395-2868	201.543	1136.225	527.400	5474.600	290.646
166	45_D04_her2mb_br223m2-1.nd2:1423-3126	258.583	1189.920	528.000	7831.800	372.474
167	45_D04_her2mb_br223m2-1.nd2:1686-2682	135.207	896.779	533.000	3219.000	194.914
168	45_D04_her2mb_br223m2-1.nd2:1786-3488	120.419	998.561	0.000	2346.230	169.399
169	45_D04_her2mb_br223m2-1.nd2:1865-3441	168.586	1276.940	537.000	4374.030	219.727
170	45_D04_her2mb_br223m2-1.nd2:2461-3506	650.261	1149.562	493.000	8825.520	919.057
171	45_D04_her2mb_br223m2-1.nd2:2980-3596	128.024	1700.709	533.390	6501.000	192.031
172	45_D04_her2mb_br223m2-1.nd2:2775-3506	130.982	1000.234	0.000	3932.015	183.879
173	45_D04_her2mb_br223m2-1.nd2:2224-3533	71.829	1551.077	0.000	3715.724	101.865
174	45_D04_her2mb_br223m2-1.nd2:2265-3398	158.446	2226.897	545.320	4396.000	233.405
175	45_D04_her2mb_br223m2-1.nd2:2485-3462	118.729	741.608	508.000	1692.000	172.292
176	45_D04_her2mb_br223m2-1.nd2:2332-3385	215.064	806.511	0.000	2229.111	309.358
177	45_D04_her2mb_br223m2-1.nd2:2414-3118	371.819	876.045	494.280	3836.100	501.252
178	45_D04_her2mb_br223m2-1.nd2:0421-0118	98.448	1008.462	568.250	2057.740	143.141
179	45_D04_her2mb_br223m2-1.nd2:0927-3099	237.880	963.095	516.500	2126.340	358.468
180	45_D04_her2mb_br223m2-1.nd2:0827-2482	431.817	1161.431	494.188	5747.000	621.723
181	45_D04_her2mb_br223m2-1.nd2:0958-3321	66.336	1645.062	539.550	4462.210	98.961
182	45_D04_her2mb_br223m2-1.nd2:0984-3138	103.095	1840.010	514.609	5284.869	143.533
183	45_D04_her2mb_br223m2-1.nd2:1112-2391	228.162	1194.524	527.660	5006.290	319.846
184	45_D04_her2mb_br223m2-1.nd2:1380-2517	103.940	1614.859	520.000	5275.000	135.060
185	45_D04_her2mb_br223m2-1.nd2:1346-2552	167.319	982.814	488.000	3706.240	230.882
186	45_D04_her2mb_br223m2-1.nd2:1227-1613	289.427	1145.732	525.000	4191.000	356.761
187	45_D04_her2mb_br223m2-1.nd2:1053-1806	148.305	885.723	518.000	2841.904	203.864
188	45_D04_her2mb_br223m2-1.nd2:0891-2491	184.642	1053.003	588.100	1991.800	266.696
189	45_D04_her2mb_br223m2-1.nd2:1483-2570	155.065	1476.111	603.000	4387.000	235.298
190	45_D04_her2mb_br223m2-1.nd2:1490-2462	164.361	699.452	543.600	1907.220	242.091
191	45_D04_her2mb_br223m2-1.nd2:1492-2282	208.303	752.598	518.000	3363.000	315.204
192	45_D04_her2mb_br223m2-1.nd2:1576-2439	122.109	1077.272	525.000	4950.290	182.685
193	45_D04_her2mb_br223m2-1.nd2:1954-3474	107.320	1246.695	559.000	2409.000	163.163
194	45_D04_her2mb_br223m2-1.nd2:1908-3537	87.885	838.019	0.000	1911.150	130.714
195	45_D04_her2mb_br223m2-1.nd2:1859-3548	50.280	952.255	0.000	2277.000	76.471
196	45_D04_her2mb_br223m2-1.nd2:2067-3309	149.150	1912.674	656.050	4250.000	217.870
197	45_D04_her2mb_br223m2-1.nd2:2076-3424	149.573	839.684	526.000	2157.000	221.469
198	45_D04_her2mb_br223m2-1.nd2:2011-3438	136.474	1518.671	502.680	9708.900	201.549
199	45_D04_her2mb_br223m2-1.nd2:2026-3253	137.320	1123.876	556.920	5883.000	205.662
200	45_D04_her2mb_br223m2-1.nd2:0483-0809	266.611	1154.234	546.000	2953.920	380.390
201	45_D04_her2mb_br223m2-1.nd2:0484-1100	206.613	785.642	524.000	1281.880	295.242
202	45_D04_her2mb_br223m2-1.nd2:0481-1042	64.646	862.557	527.000	2354.000	94.002
203	45_D04_her2mb_br223m2-1.nd2:0484-0939	63.378	979.271	562.000	2121.020	89.029
204	45_D04_her2mb_br223m2-1.nd2:0584-1723	202.388	730.886	495.000	2306.806	282.092
205	45_D04_her2mb_br223m2-1.nd2:0577-0586	136.052	889.115	519.280	3243.550	197.624
206	45_D04_her2mb_br223m2-1.nd2:0496-0043	24.084	913.408	517.000	2218.760	35.143
207	45_D04_her2mb_br223m2-1.nd2:0504-0125	84.927	1106.514	520.000	1989.000	124.659
208	45_D04_her2mb_br223m2-1.nd2:0548-0238	196.473	816.384	491.650	1679.040	278.188
209	45_D04_her2mb_br223m2-1.nd2:0579-0508	330.834	1216.209	509.000	6191.580	455.693
210	45_D04_her2mb_br223m2-1.nd2:0593-0737	46.900	1525.613	597.850	3169.000	71.773
211	45_D04_her2mb_br223m2-1.nd2:0533-0746	162.671	1330.151	581.760	3077.320	245.130
212	45_D04_her2mb_br223m2-1.nd2:0534-0827	179.149	893.254	514.000	2139.960	254.956
213	45_D04_her2mb_br223m2-1.nd2:0661-1669	549.278	908.733	490.000	4925.000	782.487
214	45_D04_her2mb_br223m2-1.nd2:0687-1123	133.094	796.749	489.180	2864.000	196.665
215	45_D04_her2mb_br223m2-1.nd2:0594-1340	267.456	1171.900	502.030	3218.070	375.862
216	45_D04_her2mb_br223m2-1.nd2:0717-1768	81.124	1254.366	534.800	2958.500	115.429
217	45_D04_her2mb_br223m2-1.nd2:0628-1300	92.110	1032.590	562.660	1706.000	132.859
218	45_D04_her2mb_br223m2-1.nd2:0649-1298	177.882	759.268	532.260	1665.000	258.459
219	45_D04_her2mb_br223m2-1.nd2:0697-1633	38.027	1069.395	563.000	2218.845	53.031
220	45_D04_her2mb_br223m2-1.nd2:0757-1974	255.203	841.653	483.740	2781.880	365.867
221	45_D04_her2mb_br223m2-1.nd2:0602-0837	160.136	1083.115	566.000	4324.000	221.293
222	45_D04_her2mb_br223m2-1.nd2:0729-1140	239.570	1038.561	484.436	3187.500	345.447
223	45_D04_her2mb_br223m2-1.nd2:0839-1844	393.790	915.609	485.000	2997.000	588.011
224	45_D04_her2mb_br223m2-1.nd2:0994-0368	219.289	2137.874	560.000	8473.440	280.969
225	45_D04_her2mb_br223m2-1.nd2:0747-0321	320.694	1258.476	506.000	9022.000	420.087
226	45_D04_her2mb_br223m2-1.nd2:0754-0461	185.487	1140.765	511.000	3781.000	275.033
227	45_D04_her2mb_br223m2-1.nd2:0666-0091	62.111	684.912	495.000	1366.000	89.259
228	45_D04_her2mb_br223m2-1.nd2:0694-1453	206.191	929.912	526.000	3967.000	301.174
229	45_D04_her2mb_br223m2-1.nd2:0730-1465	190.980	888.696	553.000	1855.000	275.623
230	45_D04_her2mb_br223m2-1.nd2:0741-1495	203.233	972.038	510.000	3296.000	287.779
231	45_D04_her2mb_br223m2-1.nd2:0829-0834	140.700	1117.918	503.910	3723.088	204.968
232	45_D04_her2mb_br223m2-1.nd2:1125-2014	308.018	1326.356	546.940	5031.450	401.695
233	45_D04_her2mb_br223m2-1.nd2:1132-2111	213.373	1866.632	574.550	5676.520	320.327
234	45_D04_her2mb_br223m2-1.nd2:1157-2296	150.840	1448.709	479.000	6290.220	200.301
235	45_D04_her2mb_br223m2-1.nd2:1197-1888	158.023	986.517	523.575	2991.560	216.640
236	45_D04_her2mb_br223m2-1.nd2:1019-2207	239.570	1232.184	514.000	2684.000	332.704
237	45_D04_her2mb_br223m2-1.nd2:1132-1067	267.879	1289.233	673.000	4306.840	354.140
238	45_D04_her2mb_br223m2-1.nd2:0982-1525	223.091	1670.764	540.404	7621.900	330.839
239	45_D04_her2mb_br223m2-1.nd2:0882-1001	186.332	945.812	500.520	2337.400	279.272
240	45_D04_her2mb_br223m2-1.nd2:0767-0119	122.531	1187.442	516.000	2971.358	167.190
241	45_D04_her2mb_br223m2-1.nd2:1175-0401	389.142	922.485	478.720	6402.000	535.555
242	45_D04_her2mb_br223m2-1.nd2:0945-1943	134.362	1194.346	537.000	2164.700	195.898
243	45_D04_her2mb_br223m2-1.nd2:1298-2436	156.756	1355.766	535.680	13569.640	238.409
244	45_D04_her2mb_br223m2-1.nd2:1383-2196	280.554	1171.719	526.000	4865.210	358.485
245	45_D04_her2mb_br223m2-1.nd2:1302-2349	395.903	1344.667	478.000	6411.000	580.162
246	45_D04_her2mb_br223m2-1.nd2:0940-0657	261.963	1328.850	518.000	10981.887	368.376
247	45_D04_her2mb_br223m2-1.nd2:0834-0086	63.378	1001.114	477.800	7991.279	94.726
248	45_D04_her2mb_br223m2-1.nd2:0930-0311	305.061	881.343	479.330	7351.250	431.134
249	45_D04_her2mb_br223m2-1.nd2:1608-1923	304.216	1046.542	513.730	6354.640	447.502
250	45_D04_her2mb_br223m2-1.nd2:1628-2297	187.600	1439.769	501.780	4120.640	277.627
251	45_D04_her2mb_br223m2-1.nd2:1656-2394	140.277	1292.787	521.510	4675.000	210.227
252	45_D04_her2mb_br223m2-1.nd2:1709-2720	299.568	1438.798	556.820	5284.860	445.394
253	45_D04_her2mb_br223m2-1.nd2:1773-2975	131.827	650.548	515.000	1263.900	201.510
254	45_D04_her2mb_br223m2-1.nd2:1818-3195	168.164	742.164	526.780	1574.690	246.843
255	45_D04_her2mb_br223m2-1.nd2	142.390	899.846	519.000	1765.540	207.473
256	45_D04_her2mb_br223m2-1.nd2:0904-1618	142.390	899.846	519.000	1765.540	207.473
257	45_D04_her2mb_br223m2-1.nd2:0897-1676	90.842	940.781	529.000	1702.861	130.050
258	45_D04_her2mb_br223m2-1.nd2:1028-1710	104.363	1325.557	535.000	3468.920	137.335
259	45_D04_her2mb_br223m2-1.nd2:0914-1809	60.421	887.210	493.840	1761.000	87.630
260	45_D04_her2mb_br223m2-1.nd2:1057-1267	190.557	1938.504	608.000	4454.090	255.607
261	45_D04_her2mb_br223m2-1.nd2:1065-1317	262.808	1033.827	483.800	3950.000	333.280
262	45_D04_her2mb_br223m2-1.nd2:1157-1277	297.455	1042.662	498.000	2634.500	403.538
263	45_D04_her2mb_br223m2-1.nd2:1291-1092	191.825	1495.442	573.000	3163.000	265.074
264	45_D04_her2mb_br223m2-1.nd2:1149-1625	268.724	1404.452	494.360	6740.380	389.446
265	45_D04_her2mb_br223m2-1.nd2:0984-0834	141.545	1111.108	541.450	2803.053	197.754
266	45_D04_her2mb_br223m2-1.nd2:1059-0742	202.810	1312.716	484.000	2850.000	266.460
267	45_D04_her2mb_br223m2-1.nd2:1297-0256	242.950	1741.216	573.000	6006.000	336.351
268	45_D04_her2mb_br223m2-1.nd2:0845-0609	221.824	1148.042	506.660	5398.756	314.022
269	45_D04_her2mb_br223m2-1.nd2	180.417	1153.691	527.240	2571.000	267.974
270	45_D04_her2mb_br223m2-1.nd2:1003-1064	180.417	1153.691	527.240	2571.000	267.974
271	45_D04_her2mb_br223m2-1.nd2:1199-2101	149.995	1263.969	568.100	3667.230	219.174
272	45_D04_her2mb_br223m2-1.nd2:1235-1963	191.825	899.566	505.000	2046.000	248.890
273	45_D04_her2mb_br223m2-1.nd2:1453-1451	207.458	1010.904	507.000	3907.647	301.901
274	45_D04_her2mb_br223m2-1.nd2:1365-1899	157.178	776.765	510.000	2283.200	198.860
275	45_D04_her2mb_br223m2-1.nd2:1215-2089	107.743	1103.797	520.169	3714.000	140.570
276	45_D04_her2mb_br223m2-1.nd2:0859-2079	212.106	710.068	485.000	1272.705	303.350
277	45_D04_her2mb_br223m2-1.nd2	96.335	747.307	489.000	2202.000	139.248
278	45_D04_her2mb_br223m2-1.nd2:1023-2157	96.335	747.307	489.000	2202.000	139.248
279	45_D04_her2mb_br223m2-1.nd2:0967-2256	267.879	856.299	518.080	2956.873	356.347
280	45_D04_her2mb_br223m2-1.nd2:0977-2102	196.473	747.781	484.000	3272.150	298.460
281	45_D04_her2mb_br223m2-1.nd2:1157-0705	271.681	1264.424	497.000	3578.990	368.551
282	45_D04_her2mb_br223m2-1.nd2:1060-0736	217.599	1368.259	532.440	3081.960	326.904
283	45_D04_her2mb_br223m2-1.nd2:1278-0691	263.654	999.050	531.000	2508.000	334.897
284	45_D04_her2mb_br223m2-1.nd2:1075-0950	121.686	1104.931	531.000	10134.600	163.084
285	45_D04_her2mb_br223m2-1.nd2:1197-0139	157.601	1015.051	531.021	4695.357	206.853
286	45_D04_her2mb_br223m2-1.nd2:1425-0626	411.536	1257.476	552.240	4419.000	546.331
287	45_D04_her2mb_br223m2-1.nd2:1309-0624	259.851	1098.980	513.361	3244.850	355.382
288	45_D04_her2mb_br223m2-1.nd2:1426-0801	185.064	1101.777	556.000	2646.000	260.502
289	45_D04_her2mb_br223m2-1.nd2:1591-0388	218.866	881.236	521.000	2861.890	294.278
290	45_D04_her2mb_br223m2-1.nd2:1468-0372	395.058	884.881	489.000	3851.000	513.555
291	45_D04_her2mb_br223m2-1.nd2:1482-1710	148.305	1291.148	540.550	4582.150	215.359
292	45_D04_her2mb_br223m2-1.nd2:1495-1573	60.421	796.111	548.120	1992.000	90.230
293	45_D04_her2mb_br223m2-1.nd2:1483-1770	106.053	827.566	538.720	1946.930	153.030
294	45_D04_her2mb_br223m2-1.nd2:1413-1994	125.066	736.047	525.560	1281.000	180.777
295	45_D04_her2mb_br223m2-1.nd2:1625-0834	346.890	880.541	511.420	2459.040	465.962
296	45_D04_her2mb_br223m2-1.nd2:2249-2720	173.234	1094.731	537.000	3367.912	234.437
297	45_D04_her2mb_br223m2-1.nd2:2297-2724	395.058	1063.450	535.280	4882.297	583.453
298	45_D04_her2mb_br223m2-1.nd2:2374-2793	414.494	1086.960	505.300	3702.450	615.163
299	45_D04_her2mb_br223m2-1.nd2:2443-3108	159.291	1393.219	515.000	11112.620	235.528
300	45_D04_her2mb_br223m2-1.nd2:2463-3098	92.532	798.198	522.680	1544.920	132.527
301	45_D04_her2mb_br223m2-1.nd2:2657-3160	211.261	1224.634	486.000	6847.000	272.219
302	45_D04_her2mb_br223m2-1.nd2:2970-3407	120.419	968.290	519.920	2762.988	162.977
303	45_D04_her2mb_br223m2-1.nd2:3221-3432	224.359	1304.417	553.000	4577.540	295.524
304	45_D04_her2mb_br223m2-1.nd2:1432-0184	176.192	897.131	519.936	7235.043	253.846
305	45_D04_her2mb_br223m2-1.nd2:1310-0136	131.404	1093.859	528.000	2409.000	174.003
306	45_D04_her2mb_br223m2-1.nd2:1197-0065	80.702	1402.995	520.680	4462.000	102.205
307	45_D04_her2mb_br223m2-1.nd2:1238-0123	146.192	844.685	508.000	3477.350	205.290
308	45_D04_her2mb_br223m2-1.nd2:1047-0413	111.546	695.956	508.000	1729.630	145.910
309	45_D04_her2mb_br223m2-1.nd2:1000-0702	155.065	1066.715	499.000	3080.000	227.663
310	45_D04_her2mb_br223m2-1.nd2:0896-0235	135.629	803.974	487.000	3754.540	201.026
311	45_D04_her2mb_br223m2-1.nd2:1325-0817	148.728	1215.253	510.000	6033.480	201.456
312	45_D04_her2mb_br223m2-1.nd2:1282-0820	165.206	1377.520	524.000	4478.170	215.558
313	45_D04_her2mb_br223m2-1.nd2:1656-0577	171.544	917.158	540.000	2259.000	231.643
314	45_D04_her2mb_br223m2-1.nd2:1392-1230	156.756	921.399	537.660	1997.180	221.430
315	45_D04_her2mb_br223m2-1.nd2:1140-1428	262.808	1066.562	490.000	8218.000	343.376
316	45_D04_her2mb_br223m2-1.nd2:1074-1423	239.992	1153.965	499.000	3925.000	340.132
317	45_D04_her2mb_br223m2-1.nd2:1427-0136	64.223	820.496	508.650	1598.100	89.502
318	45_D04_her2mb_br223m2-1.nd2:1416-0211	254.358	914.742	486.000	4275.133	341.135
319	45_D04_her2mb_br223m2-1.nd2:1595-0091	81.547	688.191	490.820	3147.000	113.509
320	45_D04_her2mb_br223m2-1.nd2:1500-0136	52.815	863.109	493.000	2051.680	72.652
321	45_D04_her2mb_br223m2-1.nd2:1587-0206	85.772	1069.216	509.403	2695.370	116.826
322	45_D04_her2mb_br223m2-1.nd2:1457-0298	39.717	1822.383	572.000	4066.240	51.763
323	45_D04_her2mb_br223m2-1.nd2:1495-0602	204.923	965.308	514.000	2620.013	269.821
324	45_D04_her2mb_br223m2-1.nd2:1300-1372	174.079	676.443	504.800	1601.920	242.943
325	45_D04_her2mb_br223m2-1.nd2:1273-1380	130.559	677.068	523.000	1079.650	186.821
326	45_D04_her2mb_br223m2-1.nd2:1137-1783	76.054	1475.940	523.680	3717.730	112.217
327	45_D04_her2mb_br223m2-1.nd2:1468-1092	75.631	1391.227	528.980	2722.000	113.989
328	45_D04_her2mb_br223m2-1.nd2:2172-2930	110.701	1529.940	500.100	6925.680	166.116
329	45_D04_her2mb_br223m2-1.nd2:2209-2991	113.236	940.922	514.840	5425.000	165.627
330	45_D04_her2mb_br223m2-1.nd2:2169-3311	102.250	1039.164	544.000	3541.792	144.689
331	45_D04_her2mb_br223m2-1.nd2:2206-3216	53.660	1093.170	566.680	1805.000	77.186
332	45_D04_her2mb_br223m2-1.nd2:2121-3099	68.026	1080.464	524.000	3237.000	94.236
333	45_D04_her2mb_br223m2-1.nd2:2637-3092	119.574	770.572	487.000	1616.280	157.296
334	45_D04_her2mb_br223m2-1.nd2:2850-3188	185.910	1227.813	517.000	3715.240	264.784
335	45_D04_her2mb_br223m2-1.nd2:3160-3266	193.937	1452.536	523.240	7413.025	256.711
336	45_D04_her2mb_br223m2-1.nd2:3178-3236	154.220	1097.187	513.200	2478.000	212.328
337	45_D04_her2mb_br223m2-1.nd2:3537-3399	83.237	1321.049	501.000	4941.000	118.425
338	45_D04_her2mb_br223m2-1.nd2:3551-3341	65.068	988.849	522.590	1867.040	88.833
339	45_D04_her2mb_br223m2-1.nd2:3498-3293	95.912	1501.079	524.000	3652.000	143.786
340	45_D04_her2mb_br223m2-1.nd2:3516-3253	105.208	861.768	0.000	2533.060	152.555
341	45_D04_her2mb_br223m2-1.nd2:3567-3171	54.505	1110.690	517.840	2492.000	76.220
342	45_D04_her2mb_br223m2-1.nd2:3549-3201	59.998	743.466	453.000	2519.770	81.737
343	45_D04_her2mb_br223m2-1.nd2:3563-3275	47.745	638.842	505.780	913.265	65.987
344	45_D04_her2mb_br223m2-1.nd2:3454-3236	136.474	827.939	483.550	3444.700	207.021
345	45_D04_her2mb_br223m2-1.nd2:1791-0168	121.686	1118.749	515.500	2639.970	180.164
346	45_D04_her2mb_br223m2-1.nd2:2064-0256	361.256	724.479	471.000	2179.000	515.102
347	45_D04_her2mb_br223m2-1.nd2:1988-0256	263.231	798.593	487.800	2374.900	368.123
348	45_D04_her2mb_br223m2-1.nd2:2041-0033	80.702	726.895	491.960	1845.340	111.720
349	45_D04_her2mb_br223m2-1.nd2:1899-0096	78.167	795.323	497.000	1767.000	112.127
350	45_D04_her2mb_br223m2-1.nd2:1939-0109	157.178	758.989	494.880	1577.240	223.256
351	45_D04_her2mb_br223m2-1.nd2:1799-0211	105.630	738.758	509.100	1825.750	157.455
352	45_D04_her2mb_br223m2-1.nd2:2204-0223	280.132	748.936	508.000	3676.020	399.426
353	45_D04_her2mb_br223m2-1.nd2:1705-0684	284.780	935.838	499.000	3877.000	381.572
354	45_D04_her2mb_br223m2-1.nd2:1918-0569	294.920	904.926	512.000	1987.006	417.945
355	45_D04_her2mb_br223m2-1.nd2:1586-1633	113.236	1116.705	519.000	3479.000	164.211
356	45_D04_her2mb_br223m2-1.nd2:1539-1860	76.899	667.408	519.528	918.768	112.167
357	45_D04_her2mb_br223m2-1.nd2:1573-1495	87.885	941.645	518.000	1986.100	128.577
358	45_D04_her2mb_br223m2-1.nd2:1648-1503	369.706	1024.638	487.000	4600.000	537.430
359	45_D04_her2mb_br223m2-1.nd2:1688-0899	237.880	812.853	521.000	2865.132	310.540
360	45_D04_her2mb_br223m2-1.nd2:2485-2777	386.185	1453.667	469.000	6220.000	542.759
361	45_D04_her2mb_br223m2-1.nd2:1783-0621	368.016	838.073	501.103	3458.877	511.051
362	45_D04_her2mb_br223m2-1.nd2:1623-1219	147.883	925.696	474.000	2799.000	211.441
363	45_D04_her2mb_br223m2-1.nd2:1598-0967	191.825	873.014	503.000	2263.000	270.499
364	45_D04_her2mb_br223m2-1.nd2:1610-1070	51.548	835.357	542.850	1203.000	76.707
365	45_D04_her2mb_br223m2-1.nd2:2838-3081	151.263	747.849	513.000	2088.000	197.967
366	45_D04_her2mb_br223m2-1.nd2:2475-2812	146.192	914.234	491.000	2349.931	194.366
367	45_D04_her2mb_br223m2-1.nd2:2522-2863	133.517	733.300	487.000	2062.000	168.892
368	45_D04_her2mb_br223m2-1.nd2:2853-3042	428.859	1034.611	496.000	4853.000	561.135
369	45_D04_her2mb_br223m2-1.nd2:2742-2940	320.694	877.924	450.000	2345.000	453.591
370	45_D04_her2mb_br223m2-1.nd2:2073-0326	218.444	850.852	519.000	2211.400	312.867
371	45_D04_her2mb_br223m2-1.nd2:2137-0403	277.174	979.929	518.650	2767.000	385.594
372	45_D04_her2mb_br223m2-1.nd2:2134-0285	324.497	946.252	516.000	2602.000	438.765
373	45_D04_her2mb_br223m2-1.nd2:2309-0110	162.248	981.682	528.300	2768.000	243.064
374	45_D04_her2mb_br223m2-1.nd2:3063-3095	219.289	961.146	520.000	3021.000	288.654
375	45_D04_her2mb_br223m2-1.nd2:2996-3008	101.828	872.192	522.000	2117.000	135.180
376	45_D04_her2mb_br223m2-1.nd2:3194-2903	217.176	1188.760	510.000	3904.000	281.798
377	45_D04_her2mb_br223m2-1.nd2:3120-3073	120.419	2029.383	519.000	4742.490	170.309
378	45_D04_her2mb_br223m2-1.nd2:3314-3038	79.434	1019.681	506.000	3427.499	107.288
379	45_D04_her2mb_br223m2-1.nd2:3451-2927	116.616	1958.387	531.000	4418.365	155.399
380	45_D04_her2mb_br223m2-1.nd2:3553-2830	81.124	889.730	487.650	2270.460	111.259
381	45_D04_her2mb_br223m2-1.nd2:3551-2946	75.209	1180.224	0.000	3193.050	107.507
382	45_D04_her2mb_br223m2-1.nd2:3324-3040	306.328	1026.054	0.000	3196.752	430.341
383	45_D04_her2mb_br223m2-1.nd2:3516-2783	99.715	1159.861	455.000	2691.000	144.664
384	45_D04_her2mb_br223m2-1.nd2:3349-2847	182.107	879.331	508.000	2361.000	251.452
385	45_D04_her2mb_br223m2-1.nd2:2575-0264	299.568	761.596	484.000	1337.920	378.845
386	45_D04_her2mb_br223m2-1.nd2:3015-0100	87.885	1318.772	517.000	3452.000	124.966
387	45_D04_her2mb_br223m2-1.nd2:3168-0141	265.344	796.725	496.000	2201.000	344.235
388	45_D04_her2mb_br223m2-1.nd2:2282-0181	149.995	844.297	544.540	1337.080	213.443
389	45_D04_her2mb_br223m2-1.nd2:1648-2159	72.251	928.500	499.360	2293.480	105.585
390	45_D04_her2mb_br223m2-1.nd2:1731-2212	117.038	988.699	505.000	3384.000	163.160
391	45_D04_her2mb_br223m2-1.nd2:1896-2973	203.233	937.281	493.100	3017.891	301.080
392	45_D04_her2mb_br223m2-1.nd2:1837-3211	74.364	823.308	536.000	1595.000	105.355
393	45_D04_her2mb_br223m2-1.nd2:1718-1253	325.342	998.391	532.340	2594.760	488.540
394	45_D04_her2mb_br223m2-1.nd2:2059-2655	187.600	1066.298	532.200	4360.467	262.654
395	45_D04_her2mb_br223m2-1.nd2:2677-2727	292.385	834.087	495.000	2502.000	376.408
396	45_D04_her2mb_br223m2-1.nd2:2677-2836	166.896	861.339	495.000	3034.721	216.999
397	45_D04_her2mb_br223m2-1.nd2:3025-2727	158.868	935.680	539.400	2485.780	203.563
398	45_D04_her2mb_br223m2-1.nd2:3070-2793	479.140	1079.211	496.000	5285.000	660.638
399	45_D04_her2mb_br223m2-1.nd2:3547-2998	80.279	582.709	0.000	1446.000	117.894
400	45_D04_her2mb_br223m2-1.nd2:3547-3015	52.815	1006.362	468.000	2656.000	75.207
401	45_D04_her2mb_br223m2-1.nd2:3478-2369	149.573	1407.227	0.000	4006.880	215.146
402	45_D04_her2mb_br223m2-1.nd2:2009-0476	182.529	1017.990	497.000	2975.000	257.833
403	45_D04_her2mb_br223m2-1.nd2:1721-2217	178.304	825.040	505.440	3033.710	273.298
404	45_D04_her2mb_br223m2-1.nd2:2252-0722	154.643	1325.766	611.329	5025.942	205.839
405	45_D04_her2mb_br223m2-1.nd2:2076-0722	130.137	1333.830	660.680	2583.077	192.232
406	45_D04_her2mb_br223m2-1.nd2:3248-2747	187.177	1237.734	520.000	6251.520	250.401
407	45_D04_her2mb_br223m2-1.nd2:3511-2577	106.053	1002.567	533.650	2631.130	152.833
408	45_D04_her2mb_br223m2-1.nd2:3253-2452	294.075	1209.071	524.000	3339.000	410.692
409	45_D04_her2mb_br223m2-1.nd2:2747-0101	189.290	820.065	511.000	3885.709	265.324
410	45_D04_her2mb_br223m2-1.nd2:2718-0069	38.449	1357.054	568.000	2457.300	55.163
411	45_D04_her2mb_br223m2-1.nd2:2797-0071	104.785	881.784	530.000	1620.750	146.177
412	45_D04_her2mb_br223m2-1.nd2:1811-0554	101.828	911.629	549.842	2325.000	145.298
413	45_D04_her2mb_br223m2-1.nd2:2009-0762	514.209	959.804	537.995	2505.000	697.110
414	45_D04_her2mb_br223m2-1.nd2:2910-2494	260.273	1179.644	519.740	4665.000	348.242
415	45_D04_her2mb_br223m2-1.nd2:3098-2597	180.417	936.336	544.000	2452.000	227.980
416	45_D04_her2mb_br223m2-1.nd2:2891-2506	227.739	975.580	515.590	2922.800	299.235
417	45_D04_her2mb_br223m2-1.nd2:3063-2644	158.868	1036.067	565.000	2119.360	221.120
418	45_D04_her2mb_br223m2-1.nd2:3149-2690	90.842	624.298	534.000	1747.000	120.962
419	45_D04_her2mb_br223m2-1.nd2:3025-2485	123.799	1573.896	527.000	4488.000	170.718
420	45_D04_her2mb_br223m2-1.nd2:3195-2447	89.575	1646.652	525.000	3881.000	112.874
421	45_D04_her2mb_br223m2-1.nd2:3343-2332	140.277	1842.642	526.000	4326.796	172.073
422	45_D04_her2mb_br223m2-1.nd2:3449-2216	110.701	1067.407	492.830	3558.510	151.457
423	45_D04_her2mb_br223m2-1.nd2:3549-2127	68.026	1056.787	530.410	2041.000	84.867
424	45_D04_her2mb_br223m2-1.nd2:3549-2127	68.026	1056.787	530.410	2041.000	84.867
425	45_D04_her2mb_br223m2-1.nd2:1916-2748	407.733	1133.440	528.000	4073.000	600.007
426	45_D04_her2mb_br223m2-1.nd2:1964-3159	84.082	1208.837	549.000	1987.460	121.654
427	45_D04_her2mb_br223m2-1.nd2:1958-3238	96.335	922.862	543.000	2400.000	130.518
428	45_D04_her2mb_br223m2-1.nd2:1989-3163	109.433	873.137	533.000	2431.000	156.769
429	45_D04_her2mb_br223m2-1.nd2:2159-2394	136.052	1582.904	598.000	4137.000	198.876
430	45_D04_her2mb_br223m2-1.nd2:3506-2037	130.982	806.176	442.000	2370.000	181.516
431	45_D04_her2mb_br223m2-1.nd2:3494-2124	137.742	1004.913	515.160	2477.000	183.814
432	45_D04_her2mb_br223m2-1.nd2:2512-0409	238.302	1073.397	520.000	2713.640	325.284
433	45_D04_her2mb_br223m2-1.nd2:2212-0489	370.551	966.803	516.730	2033.220	532.733
434	45_D04_her2mb_br223m2-1.nd2:2340-2147	293.230	1281.494	599.130	2857.500	391.236
435	45_D04_her2mb_br223m2-1.nd2:2117-2397	230.274	1266.197	579.000	2719.000	329.007
436	45_D04_her2mb_br223m2-1.nd2:2034-2715	283.512	834.338	531.620	4189.370	423.500
437	45_D04_her2mb_br223m2-1.nd2:2386-2322	232.809	1421.322	539.000	4781.711	314.101
438	45_D04_her2mb_br223m2-1.nd2:2532-2360	145.347	1008.166	540.823	2566.283	200.975
439	45_D04_her2mb_br223m2-1.nd2:1776-2402	215.909	608.880	509.330	1451.690	326.683
440	45_D04_her2mb_br223m2-1.nd2:1838-2772	148.305	940.457	516.000	2244.720	223.684
441	45_D04_her2mb_br223m2-1.nd2:1836-2973	34.224	1339.475	581.000	2832.280	52.117
442	45_D04_her2mb_br223m2-1.nd2:2524-0281	182.952	903.190	544.530	1948.230	247.452
443	45_D04_her2mb_br223m2-1.nd2:2534-0348	167.319	947.456	604.800	1683.000	227.232
444	45_D04_her2mb_br223m2-1.nd2:2668-0426	241.682	873.585	495.000	3106.000	322.225
445	45_D04_her2mb_br223m2-1.nd2:2720-0266	237.035	905.136	521.000	2228.000	317.823
446	45_D04_her2mb_br223m2-1.nd2:1731-1139	130.982	750.569	490.000	1582.858	185.209
447	45_D04_her2mb_br223m2-1.nd2:1825-1048	385.762	877.206	508.000	2487.000	555.873
448	45_D04_her2mb_br223m2-1.nd2:1864-0884	145.770	840.172	541.580	2122.000	200.695
449	45_D04_her2mb_br223m2-1.nd2:1748-1535	279.709	960.649	528.000	4372.710	419.557
450	45_D04_her2mb_br223m2-1.nd2:1741-1828	130.137	818.297	530.000	1486.000	191.245
451	45_D04_her2mb_br223m2-1.nd2:1984-2424	308.018	1190.617	568.210	6326.980	455.016
452	45_D04_her2mb_br223m2-1.nd2:2004-2097	84.927	1316.879	620.310	2277.000	122.978
453	45_D04_her2mb_br223m2-1.nd2:3428-1437	201.965	1284.654	554.000	3146.000	280.285
454	45_D04_her2mb_br223m2-1.nd2:3356-1776	174.924	1194.679	501.000	3084.000	247.181
455	45_D04_her2mb_br223m2-1.nd2:3340-1683	236.612	1011.522	513.420	3753.294	327.721
456	45_D04_her2mb_br223m2-1.nd2:3561-1956	83.659	909.324	0.000	1637.000	120.496
457	45_D04_her2mb_br223m2-1.nd2:3546-1853	82.392	667.373	493.000	2089.420	117.658
458	45_D04_her2mb_br223m2-1.nd2:3363-0862	280.132	886.462	481.000	1718.000	377.032
459	45_D04_her2mb_br223m2-1.nd2:3569-1083	78.589	679.875	0.000	1794.060	107.188
460	45_D04_her2mb_br223m2-1.nd2:2986-1265	254.358	1063.234	493.000	3950.600	367.297
461	45_D04_her2mb_br223m2-1.nd2:2071-2414	210.838	922.014	528.110	3006.060	316.273
462	45_D04_her2mb_br223m2-1.nd2:1896-2568	180.417	769.036	518.100	1503.573	266.245
463	45_D04_her2mb_br223m2-1.nd2:2004-2419	219.289	827.792	536.480	2059.200	315.255
464	45_D04_her2mb_br223m2-1.nd2:1956-2084	213.796	881.096	530.000	2402.000	286.795
465	45_D04_her2mb_br223m2-1.nd2:1884-2157	179.572	989.196	469.000	2616.280	250.802
466	45_D04_her2mb_br223m2-1.nd2:3429-0111	116.193	945.947	513.453	1738.000	164.178
467	45_D04_her2mb_br223m2-1.nd2:3023-0138	293.653	718.387	463.000	4002.923	403.984
468	45_D04_her2mb_br223m2-1.nd2:1944-1666	96.757	910.813	583.000	1899.120	144.010
469	45_D04_her2mb_br223m2-1.nd2:2034-1983	228.162	784.907	520.930	2160.480	321.618
470	45_D04_her2mb_br223m2-1.nd2:2132-2104	242.950	872.420	505.000	1771.226	338.390
471	45_D04_her2mb_br223m2-1.nd2:2099-2139	215.486	885.512	537.000	2025.273	297.243
472	45_D04_her2mb_br223m2-1.nd2:2344-2059	112.813	1014.765	578.000	1995.186	149.300
473	45_D04_her2mb_br223m2-1.nd2:2409-1914	212.528	1006.222	537.000	2635.724	306.038
474	45_D04_her2mb_br223m2-1.nd2:2426-1608	122.954	1298.339	551.000	4078.000	176.062
475	45_D04_her2mb_br223m2-1.nd2:3065-2305	214.218	1363.174	581.358	5149.265	299.785
476	45_D04_her2mb_br223m2-1.nd2:3526-2682	100.983	918.448	498.000	1897.000	147.221
477	45_D04_her2mb_br223m2-1.nd2:3446-2855	64.646	722.074	497.000	1392.800	87.090
478	45_D04_her2mb_br223m2-1.nd2:3416-2607	73.941	906.579	528.000	3519.320	101.267
479	45_D04_her2mb_br223m2-1.nd2:3459-2655	148.728	934.895	503.000	2014.000	207.571
480	45_D04_her2mb_br223m2-1.nd2:3364-2707	79.012	1401.189	648.000	2236.629	117.303
481	45_D04_her2mb_br223m2-1.nd2:2034-0882	185.487	927.372	482.000	2201.846	259.239
482	45_D04_her2mb_br223m2-1.nd2:2469-0113	192.247	765.255	499.860	1561.644	256.733
483	45_D04_her2mb_br223m2-1.nd2:2843-0239	106.898	720.641	540.000	1133.000	153.130
484	45_D04_her2mb_br223m2-1.nd2:2644-0161	111.968	678.931	491.000	1074.000	151.845
485	45_D04_her2mb_br223m2-1.nd2:2610-0148	250.133	765.210	499.000	1626.000	337.204
486	45_D04_her2mb_br223m2-1.nd2:2933-0246	93.377	1042.952	523.974	2411.000	129.066
487	45_D04_her2mb_br223m2-1.nd2:2998-0198	92.532	1119.412	532.000	2804.473	130.979
488	45_D04_her2mb_br223m2-1.nd2:2981-0058	84.504	759.307	0.000	1856.845	124.820
489	45_D04_her2mb_br223m2-1.nd2:1959-1545	301.258	1074.057	528.920	3977.079	448.070
490	45_D04_her2mb_br223m2-1.nd2:1854-1611	166.051	976.114	546.800	2177.820	250.162
491	45_D04_her2mb_br223m2-1.nd2:1903-1903	171.544	742.493	509.000	1294.182	248.668
492	45_D04_her2mb_br223m2-1.nd2	162.248	1034.033	504.000	3443.040	235.531
493	45_D04_her2mb_br223m2-1.nd2:2083-1989	162.248	1034.033	504.000	3443.040	235.531
494	45_D04_her2mb_br223m2-1.nd2:2552-2216	117.038	1686.216	517.000	3934.000	170.867
495	45_D04_her2mb_br223m2-1.nd2:2640-2407	325.764	1025.803	496.750	3390.000	427.965
496	45_D04_her2mb_br223m2-1.nd2:2783-2510	104.785	880.248	515.000	2679.000	133.616
497	45_D04_her2mb_br223m2-1.nd2:3057-2673	192.670	1033.984	515.000	5163.900	264.520
498	45_D04_her2mb_br223m2-1.nd2:3446-2767	131.827	850.190	470.420	1930.400	195.567
499	45_D04_her2mb_br223m2-1.nd2:2163-1560	277.597	1107.874	545.114	3699.920	395.611
500	45_D04_her2mb_br223m2-1.nd2:2768-1541	142.812	1252.578	540.000	3959.000	199.800
501	45_D04_her2mb_br223m2-1.nd2:2567-2124	179.994	1021.736	544.900	2808.960	261.021
502	45_D04_her2mb_br223m2-1.nd2:2600-2269	178.727	868.715	455.000	2033.894	240.312
503	45_D04_her2mb_br223m2-1.nd2:3405-0293	285.202	697.489	477.613	1602.000	409.766
504	45_D04_her2mb_br223m2-1.nd2:3479-0752	147.460	937.305	537.160	1527.748	212.404
505	45_D04_her2mb_br223m2-1.nd2:3185-1098	369.706	1002.524	491.000	3834.000	534.949
506	45_D04_her2mb_br223m2-1.nd2:2407-1264	509.984	891.861	519.000	2270.832	753.436
507	45_D04_her2mb_br223m2-1.nd2:2229-1673	201.543	1239.775	555.666	3033.000	283.846
508	45_D04_her2mb_br223m2-1.nd2:2970-2189	450.408	1105.023	501.399	3636.000	643.817
509	45_D04_her2mb_br223m2-1.nd2:3491-2420	109.433	912.354	486.949	3207.797	166.411
510	45_D04_her2mb_br223m2-1.nd2:2560-1891	364.214	1028.324	490.000	3214.225	507.378
511	45_D04_her2mb_br223m2-1.nd2:2913-2242	86.617	983.501	574.676	1839.954	124.399
512	45_D04_her2mb_br223m2-1.nd2:3108-2192	226.049	973.391	493.500	3881.079	314.334
513	45_D04_her2mb_br223m2-1.nd2:3325-2259	271.259	939.773	489.080	2846.947	390.671
514	45_D04_her2mb_br223m2-1.nd2:2484-1678	157.601	906.439	523.750	2544.754	219.064
515	45_D04_her2mb_br223m2-1.nd2:2151-0973	339.707	826.547	522.900	1607.180	508.131
516	45_D04_her2mb_br223m2-1.nd2:3303-1933	149.150	1103.925	518.000	4655.770	204.142
517	45_D04_her2mb_br223m2-1.nd2:3338-2002	145.770	1134.393	500.000	3871.117	212.029
518	45_D04_her2mb_br223m2-1.nd2:1988-1466	151.263	937.457	548.600	2204.690	205.354
519	45_D04_her2mb_br223m2-1.nd2:2267-1303	187.177	1140.175	590.600	2891.028	280.098
520	45_D04_her2mb_br223m2-1.nd2:2149-1060	184.642	1058.466	532.000	2981.050	269.088
521	45_D04_her2mb_br223m2-1.nd2:3106-0531	114.081	950.516	580.957	1591.500	166.907
522	45_D04_her2mb_br223m2-1.nd2:3315-0424	114.503	766.783	552.520	1143.000	167.674
523	45_D04_her2mb_br223m2-1.nd2:3378-0459	125.489	798.965	571.000	1568.035	177.025
524	45_D04_her2mb_br223m2-1.nd2:2980-0837	78.589	1119.849	602.000	4298.000	111.206
525	45_D04_her2mb_br223m2-1.nd2:2670-1793	323.229	800.874	475.000	3940.000	435.185
526	45_D04_her2mb_br223m2-1.nd2:2961-2054	186.755	1126.639	510.450	3532.520	257.329
527	45_D04_her2mb_br223m2-1.nd2:2905-2134	143.235	1161.036	480.000	4005.004	202.055
528	45_D04_her2mb_br223m2-1.nd2	103.940	756.644	506.400	4355.000	141.196
529	45_D04_her2mb_br223m2-1.nd2:2872-2324	103.940	756.644	506.400	4355.000	141.196
530	45_D04_her2mb_br223m2-1.nd2:2848-2381	81.969	805.129	533.000	1894.200	122.055
531	45_D04_her2mb_br223m2-1.nd2:2830-2399	88.307	1128.945	557.800	3060.114	131.808
532	45_D04_her2mb_br223m2-1.nd2:2946-2094	123.376	976.991	497.000	3957.000	173.382
533	45_D04_her2mb_br223m2-1.nd2:3103-2202	140.277	835.022	526.960	3136.000	201.919
534	45_D04_her2mb_br223m2-1.nd2:3333-2255	45.210	1269.937	588.020	2130.150	64.104
535	45_D04_her2mb_br223m2-1.nd2	107.743	1088.090	560.940	3072.661	159.860
536	45_D04_her2mb_br223m2-1.nd2:3313-2182	107.743	1088.090	560.940	3072.661	159.860
537	45_D04_her2mb_br223m2-1.nd2:3549-2217	57.463	773.038	481.000	1906.000	84.817
538	45_D04_her2mb_br223m2-1.nd2:3138-1847	250.555	959.562	517.960	3008.000	373.447
539	45_D04_her2mb_br223m2-1.nd2:3199-1749	112.391	945.266	560.000	2507.912	146.777
540	45_D04_her2mb_br223m2-1.nd2:3294-1586	58.731	850.828	530.000	1660.000	79.054
541	45_D04_her2mb_br223m2-1.nd2:3309-1629	112.391	1012.604	492.000	3498.105	146.057
542	45_D04_her2mb_br223m2-1.nd2:3396-1557	59.998	774.837	513.419	2175.530	83.956
543	45_D04_her2mb_br223m2-1.nd2:2820-1466	175.346	1111.823	543.000	2981.968	238.565
544	45_D04_her2mb_br223m2-1.nd2:3414-1611	188.022	1019.453	476.000	3327.441	277.836
545	45_D04_her2mb_br223m2-1.nd2:3328-1498	35.914	1162.169	572.900	2214.642	53.082
546	45_D04_her2mb_br223m2-1.nd2:2126-1764	81.124	752.362	524.000	1477.500	122.255
547	45_D04_her2mb_br223m2-1.nd2:3163-1143	111.968	1128.623	537.798	2003.000	155.641
548	45_D04_her2mb_br223m2-1.nd2:3457-1318	149.995	862.653	504.718	1938.000	215.910
549	45_D04_her2mb_br223m2-1.nd2:3025-1505	155.065	1043.963	515.000	3515.000	221.655
550	45_D04_her2mb_br223m2-1.nd2:3374-1465	177.882	931.294	513.800	2563.000	244.498
551	45_D04_her2mb_br223m2-1.nd2:3553-1425	57.885	1347.244	527.030	2552.000	78.470
552	45_D04_her2mb_br223m2-1.nd2:3471-1077	239.570	878.137	477.680	1989.000	338.584
553	45_D04_her2mb_br223m2-1.nd2:2387-1307	158.023	1193.897	561.420	4234.000	211.133
554	45_D04_her2mb_br223m2-1.nd2:2547-1503	130.137	973.200	554.680	3107.000	191.427
555	45_D04_her2mb_br223m2-1.nd2:2490-1551	219.711	995.439	509.480	2229.000	322.213
556	45_D04_her2mb_br223m2-1.nd2:2608-1609	146.615	921.485	522.684	2063.341	197.449
557	45_D04_her2mb_br223m2-1.nd2:2835-1713	217.176	1151.477	551.450	3502.640	311.734
558	45_D04_her2mb_br223m2-1.nd2:2866-1694	258.161	930.384	525.612	6430.000	366.040
559	45_D04_her2mb_br223m2-1.nd2:2544-1803	327.877	736.114	493.000	3227.893	461.589
560	45_D04_her2mb_br223m2-1.nd2:3238-1588	186.332	1190.573	541.000	4077.000	268.202
561	45_D04_her2mb_br223m2-1.nd2:3273-1225	319.426	786.413	506.000	3845.000	433.881
562	45_D04_her2mb_br223m2-1.nd2:3514-1207	114.081	734.125	481.480	1689.120	161.105
563	45_D04_her2mb_br223m2-1.nd2:3195-1368	190.557	980.722	479.000	4211.481	276.389
564	45_D04_her2mb_br223m2-1.nd2:3000-1563	181.262	1456.728	567.200	8258.646	262.038
565	45_D04_her2mb_br223m2-1.nd2:2514-2474	130.559	1217.334	518.000	5936.168	188.743
566	45_D04_her2mb_br223m2-1.nd2:2630-2612	128.447	852.528	519.900	2642.200	180.877
567	45_D04_her2mb_br223m2-1.nd2:3086-0414	51.548	1026.238	546.000	2527.216	74.350
568	45_D04_her2mb_br223m2-1.nd2:3203-0308	102.673	792.874	532.000	1526.000	152.850
569	45_D04_her2mb_br223m2-1.nd2:2910-0291	204.923	798.094	497.000	1574.000	285.417
570	45_D04_her2mb_br223m2-1.nd2:2627-1764	183.374	773.322	502.800	1606.026	268.065
571	45_D04_her2mb_br223m2-1.nd2:2858-1773	180.839	844.982	521.000	1873.790	266.104
572	45_D04_her2mb_br223m2-1.nd2:2930-1721	196.473	1083.912	563.000	3530.307	281.023
573	45_D04_her2mb_br223m2-1.nd2:3015-1714	327.032	1061.438	502.000	2919.900	472.865
574	45_D04_her2mb_br223m2-1.nd2:2962-1626	141.967	825.114	525.000	1885.734	204.236
575	45_D04_her2mb_br223m2-1.nd2:2832-1525	146.615	717.417	506.640	2427.140	211.390
576	45_D04_her2mb_br223m2-1.nd2:2624-1448	82.814	923.531	506.000	1999.000	117.725
577	45_D04_her2mb_br223m2-1.nd2:2802-1410	140.277	980.909	537.320	3994.610	204.509
578	45_D04_her2mb_br223m2-1.nd2:1913-0914	287.315	958.979	508.280	11866.223	399.093
579	45_D04_her2mb_br223m2-1.nd2:1870-1418	141.122	854.858	531.212	2567.643	209.158
580	45_D04_her2mb_br223m2-1.nd2:2457-1393	242.527	972.627	566.124	2400.300	353.930
581	45_D04_her2mb_br223m2-1.nd2:2481-1248	163.093	917.462	556.000	1853.022	238.306
582	45_D04_her2mb_br223m2-1.nd2:2615-0989	155.488	902.039	525.000	3199.000	218.126
583	45_D04_her2mb_br223m2-1.nd2:2640-0924	380.692	733.854	502.280	1677.655	566.345
584	45_D04_her2mb_br223m2-1.nd2:2086-1119	230.697	884.861	519.960	2794.280	337.920
585	45_D04_her2mb_br223m2-1.nd2:2360-0664	149.573	864.684	579.450	1878.460	220.831
586	45_D04_her2mb_br223m2-1.nd2:2808-0594	288.160	743.814	513.039	1276.267	436.982
587	45_D04_her2mb_br223m2-1.nd2:3103-0671	242.950	760.533	524.383	1672.119	352.742
588	45_D04_her2mb_br223m2-1.nd2:3101-0952	174.501	708.516	524.000	1185.859	251.716
589	45_D04_her2mb_br223m2-1.nd2:3464-0764	135.629	834.077	540.000	1398.326	199.643
590	45_D04_her2mb_br223m2-1.nd2:1943-1172	152.530	892.575	599.207	1542.960	228.065
591	45_D04_her2mb_br223m2-1.nd2:1962-1198	161.403	789.276	515.810	1886.000	242.656
592	45_D04_her2mb_br223m2-1.nd2:1956-1187	151.685	851.508	506.957	1775.170	219.736
593	45_D04_her2mb_br223m2-1.nd2:1883-1119	79.434	776.223	520.160	2339.160	118.866
594	45_D04_her2mb_br223m2-1.nd2:1904-0677	71.406	1030.969	588.304	1707.423	98.440
595	45_D04_her2mb_br223m2-1.nd2:1939-0836	153.798	890.070	545.030	1801.000	226.624
596	45_D04_her2mb_br223m2-1.nd2:3280-1117	52.393	1626.769	614.000	4106.400	75.971
597	45_D04_her2mb_br223m2-1.nd2:3256-1160	109.433	904.843	517.000	2447.881	149.692
598	45_D04_her2mb_br223m2-1.nd2:3548-0672	80.702	819.758	556.860	1503.090	116.383
599	45_D04_her2mb_br223m2-1.nd2:2187-0564	71.406	1060.893	526.860	2686.950	104.221
600	45_D04_her2mb_br223m2-1.nd2:2337-0802	215.486	850.400	560.612	1923.747	304.397
601	45_D04_her2mb_br223m2-1.nd2:2270-1140	91.265	937.241	503.000	1700.760	135.294
602	45_D04_her2mb_br223m2-1.nd2:1944-1585	237.880	1013.103	552.665	2359.920	327.841
603	45_D04_her2mb_br223m2-1.nd2	94.645	891.651	553.720	2005.403	132.265
604	45_D04_her2mb_br223m2-1.nd2:2210-1451	94.645	891.651	553.720	2005.403	132.265
605	45_D04_her2mb_br223m2-1.nd2:2219-1566	171.966	1019.180	553.550	4755.220	241.789
606	45_D04_her2mb_br223m2-1.nd2:2260-1630	150.840	1126.978	525.893	2743.376	219.296
607	45_D04_her2mb_br223m2-1.nd2:2792-0673	150.840	897.996	517.000	2091.010	206.194
608	45_D04_her2mb_br223m2-1.nd2:2945-1069	168.164	988.525	477.000	3131.000	237.665
609	45_D04_her2mb_br223m2-1.nd2:3051-1242	119.574	863.319	477.000	3223.025	175.643
610	45_D04_her2mb_br223m2-1.nd2:3203-1887	56.618	693.618	503.000	1416.000	80.886
611	45_D04_her2mb_br223m2-1.nd2:3308-1956	115.348	786.167	511.000	2475.802	158.485
612	45_D04_her2mb_br223m2-1.nd2:3123-1981	408.156	1027.549	510.120	3651.000	585.765
613	45_D04_her2mb_br223m2-1.nd2:2830-1848	57.463	1002.354	510.000	2729.340	87.056
614	45_D04_her2mb_br223m2-1.nd2:2342-1087	289.005	726.087	528.100	1238.630	428.052
615	45_D04_her2mb_br223m2-1.nd2:2492-0871	75.631	1066.319	590.000	2088.000	108.279
616	45_D04_her2mb_br223m2-1.nd2:2802-0988	87.885	882.358	592.480	1438.898	131.832
617	45_D04_her2mb_br223m2-1.nd2:2844-1077	129.714	912.094	532.404	1837.770	187.678
618	45_D04_her2mb_br223m2-1.nd2:3328-0724	62.111	893.662	528.220	1377.680	91.989
619	45_D04_her2mb_br223m2-1.nd2:3188-0737	218.444	844.337	577.935	1601.137	313.216
620	45_D04_her2mb_br223m2-1.nd2:3198-0836	271.259	713.463	515.000	1597.300	373.482
621	45_D04_her2mb_br223m2-1.nd2:2845-0696	384.072	790.529	544.720	1586.200	564.965
622	45_D04_her2mb_br223m2-1.nd2:2782-0681	321.539	797.232	510.000	1991.160	467.128
623	45_D04_her2mb_br223m2-1.nd2:2679-0522	399.705	838.998	530.000	2397.000	577.280
624	45_D04_her2mb_br223m2-1.nd2:2427-0982	212.528	814.236	476.020	1945.000	301.771
625	45_D04_her2mb_br223m2-1.nd2:2555-0774	89.152	856.929	564.619	1279.961	133.992
626	45_D04_her2mb_br223m2-1.nd2:2440-1368	185.064	917.609	589.000	3460.540	278.409
627	45_D04_her2mb_br223m2-1.nd2:2230-1423	207.036	972.412	556.459	5714.674	303.686
628	45_D04_her2mb_br223m2-1.nd2:2237-0789	88.730	1047.495	651.212	1894.040	132.254
629	45_D04_her2mb_br223m2-1.nd2:2380-2172	212.528	829.748	495.000	2241.728	302.365
630	45_D04_her2mb_br223m2-1.nd2:2376-2204	212.528	815.302	512.860	4488.838	300.146
631	45_D04_her2mb_br223m2-1.nd2:2202-2023	201.965	948.018	501.249	3523.552	303.460
632	45_D04_her2mb_br223m2-1.nd2:0797-0659	85.772	863.617	548.198	1773.465	128.249
633	45_D04_her2mb_br223m2-1.nd2:0706-0919	67.181	1068.236	538.000	2164.300	100.951
634	45_D04_her2mb_br223m2-1.nd2:1313-2667	93.377	772.119	531.036	2534.750	135.648
635	45_D04_her2mb_br223m2-1.nd2:2412-2613	161.826	1008.163	499.000	5027.865	233.807
